i,MAX_F,MIN_F,MEAN_F,C_TONE,C_TONE_B,CADENCE,L_NOTE,I_RES,L_INT,L_DUR,CONS_R,CONS_N,PATTERN_D,PATTERN_SD,EQ_INDIV,INDIV_SIZE,L_RATE,POP_SIZE,E_SIZE,X_TYPE
0,3.815,-0.912,1.0,0.814,0.625,1.0,0.812,0.286,0.0,-0.0,0.0,-0.332,0.343,0.267,0.001,4,0.4,1000,50,1X+2X
1,3.825,-0.868,1.415,0.679,0.75,1.0,1.0,0.143,0.0,-0.056,0.0,-0.036,0.345,0.0,0.001,4,0.4,1000,50,1X+2X
2,3.97,-0.864,1.664,0.829,0.625,1.0,1.0,0.143,0.0,-0.0,0.0,-0.302,0.506,0.168,0.001,4,0.4,1000,50,1X+2X
3,4.017,-0.861,1.854,0.762,0.625,1.0,1.0,0.357,-0.071,-0.071,0.0,-0.143,0.405,0.154,0.001,4,0.4,1000,50,1X+2X
4,4.181,-0.834,2.015,0.71,1.0,1.0,0.75,0.286,-0.045,-0.0,0.0,-0.217,0.506,0.19,0.001,4,0.4,1000,50,1X+2X
5,4.343,-0.794,2.126,0.821,0.75,1.0,1.0,0.143,-0.045,-0.0,0.0,-0.268,0.847,0.095,0.001,4,0.4,1000,50,1X+2X
6,4.494,-0.769,2.264,0.843,0.875,1.0,1.0,0.357,0.0,-0.0,0.0,-0.229,0.537,0.111,0.001,4,0.4,1000,50,1X+2X
7,4.676,-0.738,2.346,0.774,0.875,1.0,1.0,0.5,0.0,-0.0,0.0,-0.214,0.624,0.118,0.001,4,0.4,1000,50,1X+2X
8,4.676,-0.655,2.431,0.774,0.875,1.0,1.0,0.5,0.0,-0.0,0.0,-0.214,0.624,0.118,0.003,4,0.4,1000,50,1X+2X
9,4.676,-0.747,2.548,0.774,0.875,1.0,1.0,0.5,0.0,-0.0,0.0,-0.214,0.624,0.118,0.007,4,0.4,1000,50,1X+2X
10,4.676,-0.827,2.534,0.774,0.875,1.0,1.0,0.5,0.0,-0.0,0.0,-0.214,0.624,0.118,0.014,4,0.4,1000,50,1X+2X
11,4.679,-0.655,2.662,0.857,1.0,1.0,1.0,0.5,0.0,-0.0,0.0,-0.277,0.488,0.111,0.001,4,0.4,1000,50,1X+2X
12,4.793,-0.811,2.666,0.851,1.0,1.0,1.0,0.214,0.0,-0.0,0.0,-0.062,0.551,0.239,0.001,4,0.4,1000,50,1X+2X
13,4.872,-0.747,2.728,0.745,0.875,1.0,1.0,0.643,0.0,-0.0,0.0,-0.143,0.481,0.271,0.001,4,0.4,1000,50,1X+2X
14,4.872,-0.713,2.784,0.745,0.875,1.0,1.0,0.643,0.0,-0.0,0.0,-0.143,0.481,0.271,0.002,4,0.4,1000,50,1X+2X
15,4.872,-0.583,2.81,0.745,0.875,1.0,1.0,0.643,0.0,-0.0,0.0,-0.143,0.481,0.271,0.005,4,0.4,1000,50,1X+2X
16,4.954,-0.587,2.872,0.774,0.875,1.0,1.0,0.5,0.0,-0.0,0.0,-0.286,0.777,0.314,0.001,4,0.4,1000,50,1X+2X
17,5.014,-0.624,2.852,0.786,1.0,1.0,1.0,0.5,0.0,-0.0,0.0,-0.214,0.847,0.095,0.001,4,0.4,1000,50,1X+2X
18,5.014,-0.596,2.899,0.786,1.0,1.0,1.0,0.5,0.0,-0.0,0.0,-0.214,0.847,0.095,0.002,4,0.4,1000,50,1X+2X
19,5.103,-0.577,2.934,0.757,1.0,1.0,1.0,0.643,0.0,-0.0,0.0,-0.143,0.74,0.105,0.001,4,0.4,1000,50,1X+2X
20,5.103,-0.604,2.948,0.757,1.0,1.0,1.0,0.643,0.0,-0.0,0.0,-0.143,0.74,0.105,0.003,4,0.4,1000,50,1X+2X
21,5.103,-0.484,2.997,0.757,1.0,1.0,1.0,0.643,0.0,-0.0,0.0,-0.143,0.74,0.105,0.006,4,0.4,1000,50,1X+2X
22,5.17,-0.517,3.031,0.793,1.0,1.0,1.0,0.5,0.0,-0.0,0.0,-0.179,0.74,0.316,0.003,4,0.4,1000,50,1X+2X
23,5.17,-0.491,3.034,0.793,1.0,1.0,1.0,0.5,0.0,-0.0,0.0,-0.179,0.74,0.316,0.013,4,0.4,1000,50,1X+2X
24,5.224,-0.531,3.096,0.757,1.0,1.0,1.0,0.5,0.0,-0.0,0.0,-0.107,0.74,0.333,0.001,4,0.4,1000,50,1X+2X
25,5.224,-0.436,3.116,0.757,1.0,1.0,1.0,0.5,0.0,-0.0,0.0,-0.107,0.74,0.333,0.002,4,0.4,1000,50,1X+2X
26,5.224,-0.492,3.17,0.757,1.0,1.0,1.0,0.5,0.0,-0.0,0.0,-0.107,0.74,0.333,0.004,4,0.4,1000,50,1X+2X
27,5.224,-0.359,3.236,0.757,1.0,1.0,1.0,0.5,0.0,-0.0,0.0,-0.107,0.74,0.333,0.01,4,0.4,1000,50,1X+2X
28,5.224,-0.391,3.236,0.757,1.0,1.0,1.0,0.5,0.0,-0.0,0.0,-0.107,0.74,0.333,0.021,4,0.4,1000,50,1X+2X
29,5.224,-0.257,3.285,0.757,1.0,1.0,1.0,0.5,0.0,-0.0,0.0,-0.107,0.74,0.333,0.047,4,0.4,1000,50,1X+2X
30,5.407,-0.345,3.279,0.829,1.0,1.0,1.0,0.5,-0.05,-0.0,0.0,-0.071,0.74,0.46,0.001,4,0.4,1000,50,1X+2X
31,5.407,-0.415,3.312,0.829,1.0,1.0,1.0,0.5,-0.05,-0.0,0.0,-0.071,0.74,0.46,0.002,4,0.4,1000,50,1X+2X
32,5.407,-0.325,3.321,0.829,1.0,1.0,1.0,0.5,-0.05,-0.0,0.0,-0.071,0.74,0.46,0.004,4,0.4,1000,50,1X+2X
33,5.407,-0.333,3.294,0.829,1.0,1.0,1.0,0.5,-0.05,-0.0,0.0,-0.071,0.74,0.46,0.009,4,0.4,1000,50,1X+2X
34,5.454,-0.413,3.329,0.786,1.0,1.0,1.0,0.5,0.0,-0.0,0.0,-0.179,0.847,0.5,0.001,4,0.4,1000,50,1X+2X
35,5.454,-0.387,3.33,0.786,1.0,1.0,1.0,0.5,0.0,-0.0,0.0,-0.179,0.847,0.5,0.005,4,0.4,1000,50,1X+2X
36,5.454,-0.324,3.384,0.786,1.0,1.0,1.0,0.5,0.0,-0.0,0.0,-0.179,0.847,0.5,0.011,4,0.4,1000,50,1X+2X
37,5.512,-0.328,3.377,0.779,1.0,1.0,1.0,0.5,-0.05,-0.0,0.0,-0.071,0.74,0.614,0.001,4,0.4,1000,50,1X+2X
38,5.593,-0.414,3.354,0.829,1.0,1.0,1.0,0.5,0.0,-0.0,0.0,-0.107,0.794,0.578,0.001,4,0.4,1000,50,1X+2X
39,5.593,-0.325,3.453,0.829,1.0,1.0,1.0,0.5,0.0,-0.0,0.0,-0.107,0.794,0.578,0.003,4,0.4,1000,50,1X+2X
40,5.593,-0.394,3.452,0.829,1.0,1.0,1.0,0.5,0.0,-0.0,0.0,-0.107,0.794,0.578,0.006,4,0.4,1000,50,1X+2X
41,5.593,-0.397,3.434,0.829,1.0,1.0,1.0,0.5,0.0,-0.0,0.0,-0.107,0.794,0.578,0.013,4,0.4,1000,50,1X+2X
42,5.593,-0.385,3.479,0.829,1.0,1.0,1.0,0.5,0.0,-0.0,0.0,-0.107,0.794,0.578,0.026,4,0.4,1000,50,1X+2X
43,5.593,-0.286,3.497,0.829,1.0,1.0,1.0,0.5,0.0,-0.0,0.0,-0.107,0.794,0.578,0.058,4,0.4,1000,50,1X+2X
44,5.593,-0.359,3.468,0.829,1.0,1.0,1.0,0.5,0.0,-0.0,0.0,-0.107,0.794,0.578,0.116,4,0.4,1000,50,1X+2X
45,5.593,-0.392,3.502,0.829,1.0,1.0,1.0,0.5,0.0,-0.0,0.0,-0.107,0.794,0.578,0.18,4,0.4,1000,50,1X+2X
46,5.593,-0.269,3.55,0.829,1.0,1.0,1.0,0.5,0.0,-0.0,0.0,-0.107,0.794,0.578,0.253,4,0.4,1000,50,1X+2X
47,5.593,-0.293,3.527,0.829,1.0,1.0,1.0,0.5,0.0,-0.0,0.0,-0.107,0.794,0.578,0.322,4,0.4,1000,50,1X+2X
48,5.593,-0.28,3.56,0.829,1.0,1.0,1.0,0.5,0.0,-0.0,0.0,-0.107,0.794,0.578,0.395,4,0.4,1000,50,1X+2X
49,5.593,-0.249,3.559,0.829,1.0,1.0,1.0,0.5,0.0,-0.0,0.0,-0.107,0.794,0.578,0.461,4,0.4,1000,50,1X+2X
50,5.593,-0.378,3.554,0.829,1.0,1.0,1.0,0.5,0.0,-0.0,0.0,-0.107,0.794,0.578,0.521,4,0.4,1000,50,1X+2X
51,5.593,-0.293,3.571,0.829,1.0,1.0,1.0,0.5,0.0,-0.0,0.0,-0.107,0.794,0.578,0.55,4,0.4,1000,50,1X+2X
52,5.593,-0.32,3.566,0.829,1.0,1.0,1.0,0.5,0.0,-0.0,0.0,-0.107,0.794,0.578,0.55,4,0.4,1000,50,1X+2X
53,5.593,-0.285,3.623,0.829,1.0,1.0,1.0,0.5,0.0,-0.0,0.0,-0.107,0.794,0.578,0.55,4,0.4,1000,50,1X+2X
54,5.593,-0.278,3.609,0.829,1.0,1.0,1.0,0.5,0.0,-0.0,0.0,-0.107,0.794,0.578,0.55,4,0.4,1000,50,1X+2X
55,5.593,-0.258,3.587,0.829,1.0,1.0,1.0,0.5,0.0,-0.0,0.0,-0.107,0.794,0.578,0.55,4,0.4,1000,50,1X+2X
56,5.593,-0.27,3.611,0.829,1.0,1.0,1.0,0.5,0.0,-0.0,0.0,-0.107,0.794,0.578,0.55,4,0.4,1000,50,1X+2X
57,5.593,-0.203,3.616,0.829,1.0,1.0,1.0,0.5,0.0,-0.0,0.0,-0.107,0.794,0.578,0.55,4,0.4,1000,50,1X+2X
58,5.593,-0.181,3.666,0.829,1.0,1.0,1.0,0.5,0.0,-0.0,0.0,-0.107,0.794,0.578,0.55,4,0.4,1000,50,1X+2X
59,5.593,-0.222,3.647,0.829,1.0,1.0,1.0,0.5,0.0,-0.0,0.0,-0.107,0.794,0.578,0.55,4,0.4,1000,50,1X+2X
60,5.593,-0.227,3.614,0.829,1.0,1.0,1.0,0.5,0.0,-0.0,0.0,-0.107,0.794,0.578,0.55,4,0.4,1000,50,1X+2X
61,5.593,-0.184,3.664,0.829,1.0,1.0,1.0,0.5,0.0,-0.0,0.0,-0.107,0.794,0.578,0.55,4,0.4,1000,50,1X+2X
62,5.593,-0.229,3.628,0.829,1.0,1.0,1.0,0.5,0.0,-0.0,0.0,-0.107,0.794,0.578,0.55,4,0.4,1000,50,1X+2X
63,5.593,-0.234,3.667,0.829,1.0,1.0,1.0,0.5,0.0,-0.0,0.0,-0.107,0.794,0.578,0.55,4,0.4,1000,50,1X+2X
64,5.593,-0.315,3.625,0.829,1.0,1.0,1.0,0.5,0.0,-0.0,0.0,-0.107,0.794,0.578,0.55,4,0.4,1000,50,1X+2X
65,5.593,-0.176,3.623,0.829,1.0,1.0,1.0,0.5,0.0,-0.0,0.0,-0.107,0.794,0.578,0.55,4,0.4,1000,50,1X+2X
66,5.593,-0.175,3.662,0.829,1.0,1.0,1.0,0.5,0.0,-0.0,0.0,-0.107,0.794,0.578,0.55,4,0.4,1000,50,1X+2X
67,5.593,-0.202,3.598,0.829,1.0,1.0,1.0,0.5,0.0,-0.0,0.0,-0.107,0.794,0.578,0.55,4,0.4,1000,50,1X+2X
68,5.593,-0.167,3.631,0.829,1.0,1.0,1.0,0.5,0.0,-0.0,0.0,-0.107,0.794,0.578,0.55,4,0.4,1000,50,1X+2X
69,5.593,-0.235,3.611,0.829,1.0,1.0,1.0,0.5,0.0,-0.0,0.0,-0.107,0.794,0.578,0.55,4,0.4,1000,50,1X+2X
70,5.593,-0.254,3.629,0.829,1.0,1.0,1.0,0.5,0.0,-0.0,0.0,-0.107,0.794,0.578,0.55,4,0.4,1000,50,1X+2X
71,5.593,-0.25,3.621,0.829,1.0,1.0,1.0,0.5,0.0,-0.0,0.0,-0.107,0.794,0.578,0.55,4,0.4,1000,50,1X+2X
72,5.593,-0.165,3.622,0.829,1.0,1.0,1.0,0.5,0.0,-0.0,0.0,-0.107,0.794,0.578,0.55,4,0.4,1000,50,1X+2X
73,5.593,-0.184,3.616,0.829,1.0,1.0,1.0,0.5,0.0,-0.0,0.0,-0.107,0.794,0.578,0.55,4,0.4,1000,50,1X+2X
74,5.593,-0.232,3.627,0.829,1.0,1.0,1.0,0.5,0.0,-0.0,0.0,-0.107,0.794,0.578,0.55,4,0.4,1000,50,1X+2X
75,5.593,-0.209,3.58,0.829,1.0,1.0,1.0,0.5,0.0,-0.0,0.0,-0.107,0.794,0.578,0.55,4,0.4,1000,50,1X+2X
76,5.593,-0.125,3.669,0.829,1.0,1.0,1.0,0.5,0.0,-0.0,0.0,-0.107,0.794,0.578,0.55,4,0.4,1000,50,1X+2X
77,5.593,-0.194,3.631,0.829,1.0,1.0,1.0,0.5,0.0,-0.0,0.0,-0.107,0.794,0.578,0.55,4,0.4,1000,50,1X+2X
78,5.593,-0.169,3.68,0.829,1.0,1.0,1.0,0.5,0.0,-0.0,0.0,-0.107,0.794,0.578,0.55,4,0.4,1000,50,1X+2X
79,5.593,-0.138,3.635,0.829,1.0,1.0,1.0,0.5,0.0,-0.0,0.0,-0.107,0.794,0.578,0.55,4,0.4,1000,50,1X+2X
80,5.593,-0.173,3.613,0.829,1.0,1.0,1.0,0.5,0.0,-0.0,0.0,-0.107,0.794,0.578,0.55,4,0.4,1000,50,1X+2X
81,5.593,-0.201,3.647,0.829,1.0,1.0,1.0,0.5,0.0,-0.0,0.0,-0.107,0.794,0.578,0.55,4,0.4,1000,50,1X+2X
82,5.593,-0.146,3.645,0.829,1.0,1.0,1.0,0.5,0.0,-0.0,0.0,-0.107,0.794,0.578,0.55,4,0.4,1000,50,1X+2X
83,5.593,-0.331,3.64,0.829,1.0,1.0,1.0,0.5,0.0,-0.0,0.0,-0.107,0.794,0.578,0.55,4,0.4,1000,50,1X+2X
84,5.593,-0.148,3.614,0.829,1.0,1.0,1.0,0.5,0.0,-0.0,0.0,-0.107,0.794,0.578,0.55,4,0.4,1000,50,1X+2X
85,5.593,-0.224,3.626,0.829,1.0,1.0,1.0,0.5,0.0,-0.0,0.0,-0.107,0.794,0.578,0.55,4,0.4,1000,50,1X+2X
86,5.593,-0.247,3.626,0.829,1.0,1.0,1.0,0.5,0.0,-0.0,0.0,-0.107,0.794,0.578,0.55,4,0.4,1000,50,1X+2X
87,5.593,-0.141,3.676,0.829,1.0,1.0,1.0,0.5,0.0,-0.0,0.0,-0.107,0.794,0.578,0.55,4,0.4,1000,50,1X+2X
88,5.593,-0.18,3.623,0.829,1.0,1.0,1.0,0.5,0.0,-0.0,0.0,-0.107,0.794,0.578,0.55,4,0.4,1000,50,1X+2X
89,5.593,-0.279,3.622,0.829,1.0,1.0,1.0,0.5,0.0,-0.0,0.0,-0.107,0.794,0.578,0.55,4,0.4,1000,50,1X+2X
90,5.593,-0.289,3.605,0.829,1.0,1.0,1.0,0.5,0.0,-0.0,0.0,-0.107,0.794,0.578,0.55,4,0.4,1000,50,1X+2X
91,5.593,-0.177,3.625,0.829,1.0,1.0,1.0,0.5,0.0,-0.0,0.0,-0.107,0.794,0.578,0.55,4,0.4,1000,50,1X+2X
92,5.593,-0.215,3.623,0.829,1.0,1.0,1.0,0.5,0.0,-0.0,0.0,-0.107,0.794,0.578,0.55,4,0.4,1000,50,1X+2X
93,5.593,-0.102,3.631,0.829,1.0,1.0,1.0,0.5,0.0,-0.0,0.0,-0.107,0.794,0.578,0.55,4,0.4,1000,50,1X+2X
94,5.593,-0.145,3.648,0.829,1.0,1.0,1.0,0.5,0.0,-0.0,0.0,-0.107,0.794,0.578,0.55,4,0.4,1000,50,1X+2X
95,5.593,-0.24,3.631,0.829,1.0,1.0,1.0,0.5,0.0,-0.0,0.0,-0.107,0.794,0.578,0.55,4,0.4,1000,50,1X+2X
96,5.593,-0.199,3.666,0.829,1.0,1.0,1.0,0.5,0.0,-0.0,0.0,-0.107,0.794,0.578,0.55,4,0.4,1000,50,1X+2X
97,5.593,-0.182,3.628,0.829,1.0,1.0,1.0,0.5,0.0,-0.0,0.0,-0.107,0.794,0.578,0.55,4,0.4,1000,50,1X+2X
98,5.673,-0.221,3.651,0.845,1.0,1.0,1.0,0.5,0.0,-0.0,0.0,-0.107,0.888,0.547,0.001,4,0.4,1000,50,1X+2X
99,5.673,-0.177,3.644,0.845,1.0,1.0,1.0,0.5,0.0,-0.0,0.0,-0.107,0.888,0.547,0.002,4,0.4,1000,50,1X+2X
100,5.673,-0.176,3.632,0.845,1.0,1.0,1.0,0.5,0.0,-0.0,0.0,-0.107,0.888,0.547,0.004,4,0.4,1000,50,1X+2X
101,5.673,-0.137,3.651,0.845,1.0,1.0,1.0,0.5,0.0,-0.0,0.0,-0.107,0.888,0.547,0.01,4,0.4,1000,50,1X+2X
102,5.673,-0.128,3.669,0.845,1.0,1.0,1.0,0.5,0.0,-0.0,0.0,-0.107,0.888,0.547,0.02,4,0.4,1000,50,1X+2X
103,5.673,-0.161,3.655,0.845,1.0,1.0,1.0,0.5,0.0,-0.0,0.0,-0.107,0.888,0.547,0.048,4,0.4,1000,50,1X+2X
104,5.673,-0.204,3.636,0.845,1.0,1.0,1.0,0.5,0.0,-0.0,0.0,-0.107,0.888,0.547,0.11,4,0.4,1000,50,1X+2X
105,5.673,-0.206,3.649,0.845,1.0,1.0,1.0,0.5,0.0,-0.0,0.0,-0.107,0.888,0.547,0.183,4,0.4,1000,50,1X+2X
106,5.673,-0.125,3.661,0.845,1.0,1.0,1.0,0.5,0.0,-0.0,0.0,-0.107,0.888,0.547,0.267,4,0.4,1000,50,1X+2X
107,5.673,-0.081,3.712,0.845,1.0,1.0,1.0,0.5,0.0,-0.0,0.0,-0.107,0.888,0.547,0.352,4,0.4,1000,50,1X+2X
108,5.673,-0.196,3.709,0.845,1.0,1.0,1.0,0.5,0.0,-0.0,0.0,-0.107,0.888,0.547,0.428,4,0.4,1000,50,1X+2X
109,5.673,-0.038,3.717,0.845,1.0,1.0,1.0,0.5,0.0,-0.0,0.0,-0.107,0.888,0.547,0.501,4,0.4,1000,50,1X+2X
110,5.673,-0.128,3.711,0.845,1.0,1.0,1.0,0.5,0.0,-0.0,0.0,-0.107,0.888,0.547,0.55,4,0.4,1000,50,1X+2X
111,5.673,-0.181,3.683,0.845,1.0,1.0,1.0,0.5,0.0,-0.0,0.0,-0.107,0.888,0.547,0.55,4,0.4,1000,50,1X+2X
112,5.673,-0.119,3.716,0.845,1.0,1.0,1.0,0.5,0.0,-0.0,0.0,-0.107,0.888,0.547,0.55,4,0.4,1000,50,1X+2X
113,5.673,-0.082,3.709,0.845,1.0,1.0,1.0,0.5,0.0,-0.0,0.0,-0.107,0.888,0.547,0.55,4,0.4,1000,50,1X+2X
114,5.673,-0.084,3.672,0.845,1.0,1.0,1.0,0.5,0.0,-0.0,0.0,-0.107,0.888,0.547,0.55,4,0.4,1000,50,1X+2X
115,5.673,-0.078,3.743,0.845,1.0,1.0,1.0,0.5,0.0,-0.0,0.0,-0.107,0.888,0.547,0.55,4,0.4,1000,50,1X+2X
116,5.673,-0.046,3.717,0.845,1.0,1.0,1.0,0.5,0.0,-0.0,0.0,-0.107,0.888,0.547,0.55,4,0.4,1000,50,1X+2X
117,5.673,-0.096,3.726,0.845,1.0,1.0,1.0,0.5,0.0,-0.0,0.0,-0.107,0.888,0.547,0.55,4,0.4,1000,50,1X+2X
118,5.673,-0.208,3.731,0.845,1.0,1.0,1.0,0.5,0.0,-0.0,0.0,-0.107,0.888,0.547,0.55,4,0.4,1000,50,1X+2X
119,5.673,-0.181,3.697,0.845,1.0,1.0,1.0,0.5,0.0,-0.0,0.0,-0.107,0.888,0.547,0.55,4,0.4,1000,50,1X+2X
120,5.673,-0.217,3.657,0.845,1.0,1.0,1.0,0.5,0.0,-0.0,0.0,-0.107,0.888,0.547,0.55,4,0.4,1000,50,1X+2X
121,5.673,-0.137,3.688,0.845,1.0,1.0,1.0,0.5,0.0,-0.0,0.0,-0.107,0.888,0.547,0.55,4,0.4,1000,50,1X+2X
122,5.673,-0.109,3.704,0.845,1.0,1.0,1.0,0.5,0.0,-0.0,0.0,-0.107,0.888,0.547,0.55,4,0.4,1000,50,1X+2X
123,5.673,-0.122,3.708,0.845,1.0,1.0,1.0,0.5,0.0,-0.0,0.0,-0.107,0.888,0.547,0.55,4,0.4,1000,50,1X+2X
124,5.673,-0.149,3.736,0.845,1.0,1.0,1.0,0.5,0.0,-0.0,0.0,-0.107,0.888,0.547,0.55,4,0.4,1000,50,1X+2X
125,5.673,-0.165,3.696,0.845,1.0,1.0,1.0,0.5,0.0,-0.0,0.0,-0.107,0.888,0.547,0.55,4,0.4,1000,50,1X+2X
126,5.673,-0.131,3.704,0.845,1.0,1.0,1.0,0.5,0.0,-0.0,0.0,-0.107,0.888,0.547,0.55,4,0.4,1000,50,1X+2X
127,5.673,-0.095,3.699,0.845,1.0,1.0,1.0,0.5,0.0,-0.0,0.0,-0.107,0.888,0.547,0.55,4,0.4,1000,50,1X+2X
128,5.673,-0.157,3.679,0.845,1.0,1.0,1.0,0.5,0.0,-0.0,0.0,-0.107,0.888,0.547,0.55,4,0.4,1000,50,1X+2X
129,5.673,-0.197,3.685,0.845,1.0,1.0,1.0,0.5,0.0,-0.0,0.0,-0.107,0.888,0.547,0.551,4,0.4,1000,50,1X+2X
130,5.673,-0.142,3.692,0.845,1.0,1.0,1.0,0.5,0.0,-0.0,0.0,-0.107,0.888,0.547,0.55,4,0.4,1000,50,1X+2X
131,5.673,-0.16,3.709,0.845,1.0,1.0,1.0,0.5,0.0,-0.0,0.0,-0.107,0.888,0.547,0.55,4,0.4,1000,50,1X+2X
132,5.673,-0.154,3.716,0.845,1.0,1.0,1.0,0.5,0.0,-0.0,0.0,-0.107,0.888,0.547,0.55,4,0.4,1000,50,1X+2X
133,5.673,-0.051,3.705,0.845,1.0,1.0,1.0,0.5,0.0,-0.0,0.0,-0.107,0.888,0.547,0.55,4,0.4,1000,50,1X+2X
134,5.673,-0.185,3.696,0.845,1.0,1.0,1.0,0.5,0.0,-0.0,0.0,-0.107,0.888,0.547,0.55,4,0.4,1000,50,1X+2X
135,5.673,-0.065,3.726,0.845,1.0,1.0,1.0,0.5,0.0,-0.0,0.0,-0.107,0.888,0.547,0.55,4,0.4,1000,50,1X+2X
136,5.673,-0.271,3.67,0.845,1.0,1.0,1.0,0.5,0.0,-0.0,0.0,-0.107,0.888,0.547,0.55,4,0.4,1000,50,1X+2X
137,5.673,-0.214,3.682,0.845,1.0,1.0,1.0,0.5,0.0,-0.0,0.0,-0.107,0.888,0.547,0.55,4,0.4,1000,50,1X+2X
138,5.673,-0.097,3.721,0.845,1.0,1.0,1.0,0.5,0.0,-0.0,0.0,-0.107,0.888,0.547,0.55,4,0.4,1000,50,1X+2X
139,5.673,-0.117,3.697,0.845,1.0,1.0,1.0,0.5,0.0,-0.0,0.0,-0.107,0.888,0.547,0.55,4,0.4,1000,50,1X+2X
140,5.673,-0.146,3.687,0.845,1.0,1.0,1.0,0.5,0.0,-0.0,0.0,-0.107,0.888,0.547,0.55,4,0.4,1000,50,1X+2X
141,5.673,-0.198,3.697,0.845,1.0,1.0,1.0,0.5,0.0,-0.0,0.0,-0.107,0.888,0.547,0.55,4,0.4,1000,50,1X+2X
142,5.673,-0.112,3.681,0.845,1.0,1.0,1.0,0.5,0.0,-0.0,0.0,-0.107,0.888,0.547,0.55,4,0.4,1000,50,1X+2X
143,5.673,-0.099,3.719,0.845,1.0,1.0,1.0,0.5,0.0,-0.0,0.0,-0.107,0.888,0.547,0.55,4,0.4,1000,50,1X+2X
144,5.673,-0.029,3.734,0.845,1.0,1.0,1.0,0.5,0.0,-0.0,0.0,-0.107,0.888,0.547,0.55,4,0.4,1000,50,1X+2X
145,5.673,-0.161,3.669,0.845,1.0,1.0,1.0,0.5,0.0,-0.0,0.0,-0.107,0.888,0.547,0.55,4,0.4,1000,50,1X+2X
146,5.673,-0.122,3.715,0.845,1.0,1.0,1.0,0.5,0.0,-0.0,0.0,-0.107,0.888,0.547,0.55,4,0.4,1000,50,1X+2X
147,5.673,-0.002,3.748,0.845,1.0,1.0,1.0,0.5,0.0,-0.0,0.0,-0.107,0.888,0.547,0.55,4,0.4,1000,50,1X+2X
148,5.673,-0.196,3.681,0.845,1.0,1.0,1.0,0.5,0.0,-0.0,0.0,-0.107,0.888,0.547,0.551,4,0.4,1000,50,1X+2X
149,5.673,-0.257,3.668,0.845,1.0,1.0,1.0,0.5,0.0,-0.0,0.0,-0.107,0.888,0.547,0.55,4,0.4,1000,50,1X+2X
150,5.673,-0.149,3.695,0.845,1.0,1.0,1.0,0.5,0.0,-0.0,0.0,-0.107,0.888,0.547,0.55,4,0.4,1000,50,1X+2X
151,5.673,-0.133,3.712,0.845,1.0,1.0,1.0,0.5,0.0,-0.0,0.0,-0.107,0.888,0.547,0.55,4,0.4,1000,50,1X+2X
152,5.673,-0.238,3.726,0.845,1.0,1.0,1.0,0.5,0.0,-0.0,0.0,-0.107,0.888,0.547,0.55,4,0.4,1000,50,1X+2X
153,5.673,-0.129,3.726,0.845,1.0,1.0,1.0,0.5,0.0,-0.0,0.0,-0.107,0.888,0.547,0.55,4,0.4,1000,50,1X+2X
154,5.673,-0.058,3.732,0.845,1.0,1.0,1.0,0.5,0.0,-0.0,0.0,-0.107,0.888,0.547,0.55,4,0.4,1000,50,1X+2X
155,5.673,-0.169,3.691,0.845,1.0,1.0,1.0,0.5,0.0,-0.0,0.0,-0.107,0.888,0.547,0.55,4,0.4,1000,50,1X+2X
156,5.673,-0.162,3.693,0.845,1.0,1.0,1.0,0.5,0.0,-0.0,0.0,-0.107,0.888,0.547,0.55,4,0.4,1000,50,1X+2X
157,5.673,-0.061,3.729,0.845,1.0,1.0,1.0,0.5,0.0,-0.0,0.0,-0.107,0.888,0.547,0.55,4,0.4,1000,50,1X+2X
158,5.673,-0.144,3.722,0.845,1.0,1.0,1.0,0.5,0.0,-0.0,0.0,-0.107,0.888,0.547,0.55,4,0.4,1000,50,1X+2X
159,5.673,-0.166,3.695,0.845,1.0,1.0,1.0,0.5,0.0,-0.0,0.0,-0.107,0.888,0.547,0.55,4,0.4,1000,50,1X+2X
160,5.673,-0.042,3.725,0.845,1.0,1.0,1.0,0.5,0.0,-0.0,0.0,-0.107,0.888,0.547,0.55,4,0.4,1000,50,1X+2X
161,5.673,-0.113,3.724,0.845,1.0,1.0,1.0,0.5,0.0,-0.0,0.0,-0.107,0.888,0.547,0.55,4,0.4,1000,50,1X+2X
162,5.673,-0.096,3.74,0.845,1.0,1.0,1.0,0.5,0.0,-0.0,0.0,-0.107,0.888,0.547,0.55,4,0.4,1000,50,1X+2X
163,5.673,-0.124,3.717,0.845,1.0,1.0,1.0,0.5,0.0,-0.0,0.0,-0.107,0.888,0.547,0.55,4,0.4,1000,50,1X+2X
164,5.673,-0.174,3.701,0.845,1.0,1.0,1.0,0.5,0.0,-0.0,0.0,-0.107,0.888,0.547,0.55,4,0.4,1000,50,1X+2X
165,5.673,-0.225,3.719,0.845,1.0,1.0,1.0,0.5,0.0,-0.0,0.0,-0.107,0.888,0.547,0.55,4,0.4,1000,50,1X+2X
166,5.673,-0.147,3.714,0.845,1.0,1.0,1.0,0.5,0.0,-0.0,0.0,-0.107,0.888,0.547,0.55,4,0.4,1000,50,1X+2X
167,5.673,-0.128,3.676,0.845,1.0,1.0,1.0,0.5,0.0,-0.0,0.0,-0.107,0.888,0.547,0.55,4,0.4,1000,50,1X+2X
168,5.673,-0.117,3.741,0.845,1.0,1.0,1.0,0.5,0.0,-0.0,0.0,-0.107,0.888,0.547,0.55,4,0.4,1000,50,1X+2X
169,5.673,-0.159,3.716,0.845,1.0,1.0,1.0,0.5,0.0,-0.0,0.0,-0.107,0.888,0.547,0.55,4,0.4,1000,50,1X+2X
170,5.673,-0.078,3.711,0.845,1.0,1.0,1.0,0.5,0.0,-0.0,0.0,-0.107,0.888,0.547,0.55,4,0.4,1000,50,1X+2X
171,5.673,-0.065,3.745,0.845,1.0,1.0,1.0,0.5,0.0,-0.0,0.0,-0.107,0.888,0.547,0.55,4,0.4,1000,50,1X+2X
172,5.673,-0.155,3.734,0.845,1.0,1.0,1.0,0.5,0.0,-0.0,0.0,-0.107,0.888,0.547,0.55,4,0.4,1000,50,1X+2X
173,5.673,-0.051,3.706,0.845,1.0,1.0,1.0,0.5,0.0,-0.0,0.0,-0.107,0.888,0.547,0.55,4,0.4,1000,50,1X+2X
174,5.673,-0.071,3.672,0.845,1.0,1.0,1.0,0.5,0.0,-0.0,0.0,-0.107,0.888,0.547,0.55,4,0.4,1000,50,1X+2X
175,5.673,0.0,3.769,0.845,1.0,1.0,1.0,0.5,0.0,-0.0,0.0,-0.107,0.888,0.547,0.55,4,0.4,1000,50,1X+2X
176,5.673,-0.172,3.718,0.845,1.0,1.0,1.0,0.5,0.0,-0.0,0.0,-0.107,0.888,0.547,0.55,4,0.4,1000,50,1X+2X
177,5.673,-0.065,3.735,0.845,1.0,1.0,1.0,0.5,0.0,-0.0,0.0,-0.107,0.888,0.547,0.55,4,0.4,1000,50,1X+2X
178,5.673,-0.104,3.737,0.845,1.0,1.0,1.0,0.5,0.0,-0.0,0.0,-0.107,0.888,0.547,0.55,4,0.4,1000,50,1X+2X
179,5.673,-0.125,3.725,0.845,1.0,1.0,1.0,0.5,0.0,-0.0,0.0,-0.107,0.888,0.547,0.55,4,0.4,1000,50,1X+2X
180,5.673,-0.1,3.717,0.845,1.0,1.0,1.0,0.5,0.0,-0.0,0.0,-0.107,0.888,0.547,0.55,4,0.4,1000,50,1X+2X
181,5.673,-0.117,3.719,0.845,1.0,1.0,1.0,0.5,0.0,-0.0,0.0,-0.107,0.888,0.547,0.551,4,0.4,1000,50,1X+2X
182,5.673,-0.202,3.693,0.845,1.0,1.0,1.0,0.5,0.0,-0.0,0.0,-0.107,0.888,0.547,0.55,4,0.4,1000,50,1X+2X
183,5.673,-0.069,3.729,0.845,1.0,1.0,1.0,0.5,0.0,-0.0,0.0,-0.107,0.888,0.547,0.55,4,0.4,1000,50,1X+2X
184,5.673,0.032,3.743,0.845,1.0,1.0,1.0,0.5,0.0,-0.0,0.0,-0.107,0.888,0.547,0.55,4,0.4,1000,50,1X+2X
185,5.673,-0.033,3.745,0.845,1.0,1.0,1.0,0.5,0.0,-0.0,0.0,-0.107,0.888,0.547,0.55,4,0.4,1000,50,1X+2X
186,5.673,-0.081,3.706,0.845,1.0,1.0,1.0,0.5,0.0,-0.0,0.0,-0.107,0.888,0.547,0.55,4,0.4,1000,50,1X+2X
187,5.673,-0.252,3.73,0.845,1.0,1.0,1.0,0.5,0.0,-0.0,0.0,-0.107,0.888,0.547,0.55,4,0.4,1000,50,1X+2X
188,5.673,-0.037,3.74,0.845,1.0,1.0,1.0,0.5,0.0,-0.0,0.0,-0.107,0.888,0.547,0.55,4,0.4,1000,50,1X+2X
189,5.673,-0.102,3.723,0.845,1.0,1.0,1.0,0.5,0.0,-0.0,0.0,-0.107,0.888,0.547,0.55,4,0.4,1000,50,1X+2X
190,5.673,-0.103,3.755,0.845,1.0,1.0,1.0,0.5,0.0,-0.0,0.0,-0.107,0.888,0.547,0.55,4,0.4,1000,50,1X+2X
191,5.673,-0.156,3.718,0.845,1.0,1.0,1.0,0.5,0.0,-0.0,0.0,-0.107,0.888,0.547,0.55,4,0.4,1000,50,1X+2X
192,5.673,-0.074,3.689,0.845,1.0,1.0,1.0,0.5,0.0,-0.0,0.0,-0.107,0.888,0.547,0.55,4,0.4,1000,50,1X+2X
193,5.673,-0.127,3.708,0.845,1.0,1.0,1.0,0.5,0.0,-0.0,0.0,-0.107,0.888,0.547,0.55,4,0.4,1000,50,1X+2X
194,5.673,-0.148,3.67,0.845,1.0,1.0,1.0,0.5,0.0,-0.0,0.0,-0.107,0.888,0.547,0.55,4,0.4,1000,50,1X+2X
195,5.673,-0.054,3.721,0.845,1.0,1.0,1.0,0.5,0.0,-0.0,0.0,-0.107,0.888,0.547,0.55,4,0.4,1000,50,1X+2X
196,5.673,-0.086,3.75,0.845,1.0,1.0,1.0,0.5,0.0,-0.0,0.0,-0.107,0.888,0.547,0.55,4,0.4,1000,50,1X+2X
197,5.77,-0.009,3.724,0.845,1.0,1.0,1.0,0.5,0.0,-0.0,0.0,-0.071,0.838,0.658,0.001,4,0.4,1000,50,1X+2X
198,5.77,-0.026,3.748,0.845,1.0,1.0,1.0,0.5,0.0,-0.0,0.0,-0.071,0.838,0.658,0.002,4,0.4,1000,50,1X+2X
199,5.77,-0.05,3.739,0.845,1.0,1.0,1.0,0.5,0.0,-0.0,0.0,-0.071,0.838,0.658,0.005,4,0.4,1000,50,1X+2X
200,5.77,-0.127,3.732,0.845,1.0,1.0,1.0,0.5,0.0,-0.0,0.0,-0.071,0.838,0.658,0.011,4,0.4,1000,50,1X+2X
201,5.77,-0.209,3.708,0.845,1.0,1.0,1.0,0.5,0.0,-0.0,0.0,-0.071,0.838,0.658,0.029,4,0.4,1000,50,1X+2X
202,5.771,-0.119,3.743,0.845,1.0,1.0,1.0,0.5,0.0,-0.0,0.0,-0.071,0.839,0.658,0.066,4,0.4,1000,50,1X+2X
203,5.771,-0.08,3.731,0.845,1.0,1.0,1.0,0.5,0.0,-0.0,0.0,-0.071,0.839,0.658,0.135,4,0.4,1000,50,1X+2X
204,5.771,-0.036,3.758,0.845,1.0,1.0,1.0,0.5,0.0,-0.0,0.0,-0.071,0.839,0.658,0.212,4,0.4,1000,50,1X+2X
205,5.771,-0.093,3.782,0.845,1.0,1.0,1.0,0.5,0.0,-0.0,0.0,-0.071,0.839,0.658,0.289,4,0.4,1000,50,1X+2X
206,5.771,-0.112,3.751,0.845,1.0,1.0,1.0,0.5,0.0,-0.0,0.0,-0.071,0.839,0.658,0.377,4,0.4,1000,50,1X+2X
207,5.771,-0.132,3.786,0.845,1.0,1.0,1.0,0.5,0.0,-0.0,0.0,-0.071,0.839,0.658,0.458,4,0.4,1000,50,1X+2X
208,5.882,-0.189,3.722,0.845,1.0,1.0,1.0,0.5,0.0,-0.0,0.0,-0.071,0.838,0.77,0.001,4,0.4,1000,50,1X+2X
209,5.882,-0.088,3.781,0.845,1.0,1.0,1.0,0.5,0.0,-0.0,0.0,-0.071,0.838,0.77,0.003,4,0.4,1000,50,1X+2X
210,5.882,-0.097,3.793,0.845,1.0,1.0,1.0,0.5,0.0,-0.0,0.0,-0.071,0.838,0.77,0.007,4,0.4,1000,50,1X+2X
211,5.882,0.005,3.807,0.845,1.0,1.0,1.0,0.5,0.0,-0.0,0.0,-0.071,0.838,0.77,0.016,4,0.4,1000,50,1X+2X
212,5.882,-0.064,3.793,0.845,1.0,1.0,1.0,0.5,0.0,-0.0,0.0,-0.071,0.838,0.77,0.034,4,0.4,1000,50,1X+2X
213,5.883,-0.021,3.839,0.845,1.0,1.0,1.0,0.5,0.0,-0.0,0.0,-0.071,0.839,0.77,0.08,4,0.4,1000,50,1X+2X
214,5.883,0.014,3.827,0.845,1.0,1.0,1.0,0.5,0.0,-0.0,0.0,-0.071,0.839,0.77,0.145,4,0.4,1000,50,1X+2X
215,5.883,-0.119,3.82,0.845,1.0,1.0,1.0,0.5,0.0,-0.0,0.0,-0.071,0.839,0.77,0.227,4,0.4,1000,50,1X+2X
216,5.883,-0.072,3.831,0.845,1.0,1.0,1.0,0.5,0.0,-0.0,0.0,-0.071,0.839,0.77,0.302,4,0.4,1000,50,1X+2X
217,5.883,-0.07,3.819,0.845,1.0,1.0,1.0,0.5,0.0,-0.0,0.0,-0.071,0.839,0.77,0.383,4,0.4,1000,50,1X+2X
218,5.883,0.012,3.851,0.845,1.0,1.0,1.0,0.5,0.0,-0.0,0.0,-0.071,0.839,0.77,0.453,4,0.4,1000,50,1X+2X
219,5.883,-0.056,3.846,0.845,1.0,1.0,1.0,0.5,0.0,-0.0,0.0,-0.071,0.839,0.77,0.522,4,0.4,1000,50,1X+2X
220,5.883,-0.177,3.873,0.845,1.0,1.0,1.0,0.5,0.0,-0.0,0.0,-0.071,0.839,0.77,0.55,4,0.4,1000,50,1X+2X
221,5.883,-0.06,3.852,0.845,1.0,1.0,1.0,0.5,0.0,-0.0,0.0,-0.071,0.839,0.77,0.55,4,0.4,1000,50,1X+2X
222,5.883,-0.094,3.87,0.845,1.0,1.0,1.0,0.5,0.0,-0.0,0.0,-0.071,0.839,0.77,0.55,4,0.4,1000,50,1X+2X
223,5.883,-0.051,3.871,0.845,1.0,1.0,1.0,0.5,0.0,-0.0,0.0,-0.071,0.839,0.77,0.55,4,0.4,1000,50,1X+2X
224,5.883,-0.07,3.862,0.845,1.0,1.0,1.0,0.5,0.0,-0.0,0.0,-0.071,0.839,0.77,0.55,4,0.4,1000,50,1X+2X
225,5.883,-0.071,3.895,0.845,1.0,1.0,1.0,0.5,0.0,-0.0,0.0,-0.071,0.839,0.77,0.55,4,0.4,1000,50,1X+2X
226,5.885,-0.0,3.909,0.845,1.0,1.0,1.0,0.429,0.0,-0.0,0.0,-0.071,0.847,0.836,0.001,4,0.4,1000,50,1X+2X
227,5.885,-0.018,3.896,0.845,1.0,1.0,1.0,0.429,0.0,-0.0,0.0,-0.071,0.847,0.836,0.002,4,0.4,1000,50,1X+2X
228,5.885,0.026,3.907,0.845,1.0,1.0,1.0,0.429,0.0,-0.0,0.0,-0.071,0.847,0.836,0.004,4,0.4,1000,50,1X+2X
229,5.885,-0.075,3.861,0.845,1.0,1.0,1.0,0.429,0.0,-0.0,0.0,-0.071,0.847,0.836,0.009,4,0.4,1000,50,1X+2X
230,5.885,-0.041,3.9,0.845,1.0,1.0,1.0,0.429,0.0,-0.0,0.0,-0.071,0.847,0.836,0.021,4,0.4,1000,50,1X+2X
231,5.885,0.006,3.884,0.845,1.0,1.0,1.0,0.429,0.0,-0.0,0.0,-0.071,0.847,0.836,0.048,4,0.4,1000,50,1X+2X
232,5.885,-0.037,3.874,0.845,1.0,1.0,1.0,0.429,0.0,-0.0,0.0,-0.071,0.847,0.836,0.116,4,0.4,1000,50,1X+2X
233,5.885,-0.025,3.893,0.845,1.0,1.0,1.0,0.429,0.0,-0.0,0.0,-0.071,0.847,0.836,0.192,4,0.4,1000,50,1X+2X
234,5.885,-0.036,3.883,0.845,1.0,1.0,1.0,0.429,0.0,-0.0,0.0,-0.071,0.847,0.836,0.275,4,0.4,1000,50,1X+2X
235,5.885,-0.076,3.869,0.845,1.0,1.0,1.0,0.429,0.0,-0.0,0.0,-0.071,0.847,0.836,0.357,4,0.4,1000,50,1X+2X
236,5.92,-0.029,3.838,0.845,1.0,1.0,1.0,0.429,0.0,-0.0,0.0,-0.071,0.882,0.836,0.437,4,0.4,1000,50,1X+2X
237,5.92,-0.078,3.898,0.845,1.0,1.0,1.0,0.429,0.0,-0.0,0.0,-0.071,0.882,0.836,0.51,4,0.4,1000,50,1X+2X
238,5.92,-0.158,3.851,0.845,1.0,1.0,1.0,0.429,0.0,-0.0,0.0,-0.071,0.882,0.836,0.55,4,0.4,1000,50,1X+2X
239,5.92,-0.075,3.889,0.845,1.0,1.0,1.0,0.429,0.0,-0.0,0.0,-0.071,0.882,0.836,0.55,4,0.4,1000,50,1X+2X
240,5.92,-0.102,3.902,0.845,1.0,1.0,1.0,0.429,0.0,-0.0,0.0,-0.071,0.882,0.836,0.55,4,0.4,1000,50,1X+2X
241,5.92,0.013,3.947,0.845,1.0,1.0,1.0,0.429,0.0,-0.0,0.0,-0.071,0.882,0.836,0.55,4,0.4,1000,50,1X+2X
242,5.92,0.032,3.943,0.845,1.0,1.0,1.0,0.429,0.0,-0.0,0.0,-0.071,0.882,0.836,0.55,4,0.4,1000,50,1X+2X
243,5.92,-0.091,3.906,0.845,1.0,1.0,1.0,0.429,0.0,-0.0,0.0,-0.071,0.882,0.836,0.55,4,0.4,1000,50,1X+2X
244,5.92,-0.084,3.893,0.845,1.0,1.0,1.0,0.429,0.0,-0.0,0.0,-0.071,0.882,0.836,0.55,4,0.4,1000,50,1X+2X
245,5.92,0.01,3.954,0.845,1.0,1.0,1.0,0.429,0.0,-0.0,0.0,-0.071,0.882,0.836,0.55,4,0.4,1000,50,1X+2X
246,5.92,0.103,3.943,0.845,1.0,1.0,1.0,0.429,0.0,-0.0,0.0,-0.071,0.882,0.836,0.55,4,0.4,1000,50,1X+2X
247,5.92,-0.045,3.898,0.845,1.0,1.0,1.0,0.429,0.0,-0.0,0.0,-0.071,0.882,0.836,0.55,4,0.4,1000,50,1X+2X
248,5.92,-0.053,3.959,0.845,1.0,1.0,1.0,0.429,0.0,-0.0,0.0,-0.071,0.882,0.836,0.55,4,0.4,1000,50,1X+2X
249,5.92,-0.047,3.955,0.845,1.0,1.0,1.0,0.429,0.0,-0.0,0.0,-0.071,0.882,0.836,0.55,4,0.4,1000,50,1X+2X
250,5.92,-0.07,3.942,0.845,1.0,1.0,1.0,0.429,0.0,-0.0,0.0,-0.071,0.882,0.836,0.55,4,0.4,1000,50,1X+2X
251,5.92,0.008,3.94,0.845,1.0,1.0,1.0,0.429,0.0,-0.0,0.0,-0.071,0.882,0.836,0.55,4,0.4,1000,50,1X+2X
252,5.92,0.078,3.938,0.845,1.0,1.0,1.0,0.429,0.0,-0.0,0.0,-0.071,0.882,0.836,0.55,4,0.4,1000,50,1X+2X
253,5.92,0.175,3.972,0.845,1.0,1.0,1.0,0.429,0.0,-0.0,0.0,-0.071,0.882,0.836,0.55,4,0.4,1000,50,1X+2X
254,5.92,0.087,3.958,0.845,1.0,1.0,1.0,0.429,0.0,-0.0,0.0,-0.071,0.882,0.836,0.55,4,0.4,1000,50,1X+2X
255,5.92,0.06,3.961,0.845,1.0,1.0,1.0,0.429,0.0,-0.0,0.0,-0.071,0.882,0.836,0.55,4,0.4,1000,50,1X+2X
256,5.92,0.085,3.961,0.845,1.0,1.0,1.0,0.429,0.0,-0.0,0.0,-0.071,0.882,0.836,0.55,4,0.4,1000,50,1X+2X
257,5.92,0.031,3.957,0.845,1.0,1.0,1.0,0.429,0.0,-0.0,0.0,-0.071,0.882,0.836,0.55,4,0.4,1000,50,1X+2X
258,5.92,0.043,3.938,0.845,1.0,1.0,1.0,0.429,0.0,-0.0,0.0,-0.071,0.882,0.836,0.55,4,0.4,1000,50,1X+2X
259,5.92,0.021,3.918,0.845,1.0,1.0,1.0,0.429,0.0,-0.0,0.0,-0.071,0.882,0.836,0.551,4,0.4,1000,50,1X+2X
260,5.92,-0.034,3.9,0.845,1.0,1.0,1.0,0.429,0.0,-0.0,0.0,-0.071,0.882,0.836,0.55,4,0.4,1000,50,1X+2X
261,5.92,0.052,3.918,0.845,1.0,1.0,1.0,0.429,0.0,-0.0,0.0,-0.071,0.882,0.836,0.55,4,0.4,1000,50,1X+2X
262,5.92,0.039,3.935,0.845,1.0,1.0,1.0,0.429,0.0,-0.0,0.0,-0.071,0.882,0.836,0.55,4,0.4,1000,50,1X+2X
263,5.92,-0.02,3.929,0.845,1.0,1.0,1.0,0.429,0.0,-0.0,0.0,-0.071,0.882,0.836,0.55,4,0.4,1000,50,1X+2X
264,5.92,-0.011,3.936,0.845,1.0,1.0,1.0,0.429,0.0,-0.0,0.0,-0.071,0.882,0.836,0.55,4,0.4,1000,50,1X+2X
265,5.92,-0.109,3.922,0.845,1.0,1.0,1.0,0.429,0.0,-0.0,0.0,-0.071,0.882,0.836,0.55,4,0.4,1000,50,1X+2X
266,5.92,0.013,3.925,0.845,1.0,1.0,1.0,0.429,0.0,-0.0,0.0,-0.071,0.882,0.836,0.55,4,0.4,1000,50,1X+2X
267,5.92,0.026,3.941,0.845,1.0,1.0,1.0,0.429,0.0,-0.0,0.0,-0.071,0.882,0.836,0.55,4,0.4,1000,50,1X+2X
268,5.92,0.187,3.989,0.845,1.0,1.0,1.0,0.429,0.0,-0.0,0.0,-0.071,0.882,0.836,0.55,4,0.4,1000,50,1X+2X
269,5.92,-0.037,3.927,0.845,1.0,1.0,1.0,0.429,0.0,-0.0,0.0,-0.071,0.882,0.836,0.55,4,0.4,1000,50,1X+2X
270,5.92,-0.03,3.938,0.845,1.0,1.0,1.0,0.429,0.0,-0.0,0.0,-0.071,0.882,0.836,0.55,4,0.4,1000,50,1X+2X
271,5.92,0.026,3.926,0.845,1.0,1.0,1.0,0.429,0.0,-0.0,0.0,-0.071,0.882,0.836,0.55,4,0.4,1000,50,1X+2X
272,5.92,0.017,3.933,0.845,1.0,1.0,1.0,0.429,0.0,-0.0,0.0,-0.071,0.882,0.836,0.55,4,0.4,1000,50,1X+2X
273,5.92,-0.004,3.972,0.845,1.0,1.0,1.0,0.429,0.0,-0.0,0.0,-0.071,0.882,0.836,0.55,4,0.4,1000,50,1X+2X
274,5.92,0.033,3.948,0.845,1.0,1.0,1.0,0.429,0.0,-0.0,0.0,-0.071,0.882,0.836,0.55,4,0.4,1000,50,1X+2X
275,5.92,-0.006,3.918,0.845,1.0,1.0,1.0,0.429,0.0,-0.0,0.0,-0.071,0.882,0.836,0.55,4,0.4,1000,50,1X+2X
276,5.92,0.074,3.94,0.845,1.0,1.0,1.0,0.429,0.0,-0.0,0.0,-0.071,0.882,0.836,0.55,4,0.4,1000,50,1X+2X
277,5.92,0.007,3.935,0.845,1.0,1.0,1.0,0.429,0.0,-0.0,0.0,-0.071,0.882,0.836,0.55,4,0.4,1000,50,1X+2X
278,5.92,0.116,3.96,0.845,1.0,1.0,1.0,0.429,0.0,-0.0,0.0,-0.071,0.882,0.836,0.55,4,0.4,1000,50,1X+2X
279,5.92,0.075,3.965,0.845,1.0,1.0,1.0,0.429,0.0,-0.0,0.0,-0.071,0.882,0.836,0.55,4,0.4,1000,50,1X+2X
280,5.92,0.008,3.982,0.845,1.0,1.0,1.0,0.429,0.0,-0.0,0.0,-0.071,0.882,0.836,0.55,4,0.4,1000,50,1X+2X
281,5.92,-0.002,3.934,0.845,1.0,1.0,1.0,0.429,0.0,-0.0,0.0,-0.071,0.882,0.836,0.55,4,0.4,1000,50,1X+2X
282,5.92,0.08,3.958,0.845,1.0,1.0,1.0,0.429,0.0,-0.0,0.0,-0.071,0.882,0.836,0.55,4,0.4,1000,50,1X+2X
283,5.92,-0.019,3.904,0.845,1.0,1.0,1.0,0.429,0.0,-0.0,0.0,-0.071,0.882,0.836,0.55,4,0.4,1000,50,1X+2X
284,5.92,0.019,3.967,0.845,1.0,1.0,1.0,0.429,0.0,-0.0,0.0,-0.071,0.882,0.836,0.55,4,0.4,1000,50,1X+2X
285,5.92,0.06,3.983,0.845,1.0,1.0,1.0,0.429,0.0,-0.0,0.0,-0.071,0.882,0.836,0.55,4,0.4,1000,50,1X+2X
286,5.92,0.035,3.919,0.845,1.0,1.0,1.0,0.429,0.0,-0.0,0.0,-0.071,0.882,0.836,0.55,4,0.4,1000,50,1X+2X
287,5.92,-0.054,3.929,0.845,1.0,1.0,1.0,0.429,0.0,-0.0,0.0,-0.071,0.882,0.836,0.55,4,0.4,1000,50,1X+2X
288,5.92,-0.068,3.894,0.845,1.0,1.0,1.0,0.429,0.0,-0.0,0.0,-0.071,0.882,0.836,0.55,4,0.4,1000,50,1X+2X
289,5.92,0.075,3.946,0.845,1.0,1.0,1.0,0.429,0.0,-0.0,0.0,-0.071,0.882,0.836,0.55,4,0.4,1000,50,1X+2X
290,5.92,0.086,3.964,0.845,1.0,1.0,1.0,0.429,0.0,-0.0,0.0,-0.071,0.882,0.836,0.55,4,0.4,1000,50,1X+2X
291,5.92,0.115,3.971,0.845,1.0,1.0,1.0,0.429,0.0,-0.0,0.0,-0.071,0.882,0.836,0.55,4,0.4,1000,50,1X+2X
292,5.92,-0.033,3.928,0.845,1.0,1.0,1.0,0.429,0.0,-0.0,0.0,-0.071,0.882,0.836,0.55,4,0.4,1000,50,1X+2X
293,5.92,-0.06,3.933,0.845,1.0,1.0,1.0,0.429,0.0,-0.0,0.0,-0.071,0.882,0.836,0.55,4,0.4,1000,50,1X+2X
294,5.92,0.1,3.973,0.845,1.0,1.0,1.0,0.429,0.0,-0.0,0.0,-0.071,0.882,0.836,0.55,4,0.4,1000,50,1X+2X
295,5.92,0.057,3.93,0.845,1.0,1.0,1.0,0.429,0.0,-0.0,0.0,-0.071,0.882,0.836,0.55,4,0.4,1000,50,1X+2X
296,5.92,0.117,3.953,0.845,1.0,1.0,1.0,0.429,0.0,-0.0,0.0,-0.071,0.882,0.836,0.55,4,0.4,1000,50,1X+2X
297,5.92,0.194,3.941,0.845,1.0,1.0,1.0,0.429,0.0,-0.0,0.0,-0.071,0.882,0.836,0.55,4,0.4,1000,50,1X+2X
298,5.92,0.066,3.962,0.845,1.0,1.0,1.0,0.429,0.0,-0.0,0.0,-0.071,0.882,0.836,0.55,4,0.4,1000,50,1X+2X
299,5.92,0.142,3.979,0.845,1.0,1.0,1.0,0.429,0.0,-0.0,0.0,-0.071,0.882,0.836,0.55,4,0.4,1000,50,1X+2X
300,5.92,0.065,3.952,0.845,1.0,1.0,1.0,0.429,0.0,-0.0,0.0,-0.071,0.882,0.836,0.55,4,0.4,1000,50,1X+2X
301,5.92,0.049,3.983,0.845,1.0,1.0,1.0,0.429,0.0,-0.0,0.0,-0.071,0.882,0.836,0.55,4,0.4,1000,50,1X+2X
302,5.92,0.178,3.952,0.845,1.0,1.0,1.0,0.429,0.0,-0.0,0.0,-0.071,0.882,0.836,0.55,4,0.4,1000,50,1X+2X
303,5.92,0.204,3.988,0.845,1.0,1.0,1.0,0.429,0.0,-0.0,0.0,-0.071,0.882,0.836,0.55,4,0.4,1000,50,1X+2X
304,5.92,0.147,3.977,0.845,1.0,1.0,1.0,0.429,0.0,-0.0,0.0,-0.071,0.882,0.836,0.55,4,0.4,1000,50,1X+2X
305,5.92,0.125,3.977,0.845,1.0,1.0,1.0,0.429,0.0,-0.0,0.0,-0.071,0.882,0.836,0.55,4,0.4,1000,50,1X+2X
306,5.92,0.08,3.961,0.845,1.0,1.0,1.0,0.429,0.0,-0.0,0.0,-0.071,0.882,0.836,0.55,4,0.4,1000,50,1X+2X
307,5.92,0.074,3.951,0.845,1.0,1.0,1.0,0.429,0.0,-0.0,0.0,-0.071,0.882,0.836,0.55,4,0.4,1000,50,1X+2X
308,5.92,0.129,3.928,0.845,1.0,1.0,1.0,0.429,0.0,-0.0,0.0,-0.071,0.882,0.836,0.55,4,0.4,1000,50,1X+2X
309,5.92,0.145,4.0,0.845,1.0,1.0,1.0,0.429,0.0,-0.0,0.0,-0.071,0.882,0.836,0.55,4,0.4,1000,50,1X+2X
310,5.92,0.014,3.912,0.845,1.0,1.0,1.0,0.429,0.0,-0.0,0.0,-0.071,0.882,0.836,0.55,4,0.4,1000,50,1X+2X
311,5.92,0.101,3.975,0.845,1.0,1.0,1.0,0.429,0.0,-0.0,0.0,-0.071,0.882,0.836,0.55,4,0.4,1000,50,1X+2X
312,5.92,-0.0,3.939,0.845,1.0,1.0,1.0,0.429,0.0,-0.0,0.0,-0.071,0.882,0.836,0.55,4,0.4,1000,50,1X+2X
313,5.92,0.102,3.967,0.845,1.0,1.0,1.0,0.429,0.0,-0.0,0.0,-0.071,0.882,0.836,0.55,4,0.4,1000,50,1X+2X
314,5.92,0.119,3.938,0.845,1.0,1.0,1.0,0.429,0.0,-0.0,0.0,-0.071,0.882,0.836,0.55,4,0.4,1000,50,1X+2X
315,5.92,0.179,3.968,0.845,1.0,1.0,1.0,0.429,0.0,-0.0,0.0,-0.071,0.882,0.836,0.55,4,0.4,1000,50,1X+2X
316,5.92,0.092,3.963,0.845,1.0,1.0,1.0,0.429,0.0,-0.0,0.0,-0.071,0.882,0.836,0.55,4,0.4,1000,50,1X+2X
317,5.92,-0.002,3.936,0.845,1.0,1.0,1.0,0.429,0.0,-0.0,0.0,-0.071,0.882,0.836,0.55,4,0.4,1000,50,1X+2X
318,5.92,0.073,3.985,0.845,1.0,1.0,1.0,0.429,0.0,-0.0,0.0,-0.071,0.882,0.836,0.55,4,0.4,1000,50,1X+2X
319,5.92,0.124,3.975,0.845,1.0,1.0,1.0,0.429,0.0,-0.0,0.0,-0.071,0.882,0.836,0.55,4,0.4,1000,50,1X+2X
320,5.92,0.121,3.958,0.845,1.0,1.0,1.0,0.429,0.0,-0.0,0.0,-0.071,0.882,0.836,0.55,4,0.4,1000,50,1X+2X
321,5.92,0.016,3.929,0.845,1.0,1.0,1.0,0.429,0.0,-0.0,0.0,-0.071,0.882,0.836,0.55,4,0.4,1000,50,1X+2X
322,5.92,0.077,3.976,0.845,1.0,1.0,1.0,0.429,0.0,-0.0,0.0,-0.071,0.882,0.836,0.55,4,0.4,1000,50,1X+2X
323,5.92,0.1,3.926,0.845,1.0,1.0,1.0,0.429,0.0,-0.0,0.0,-0.071,0.882,0.836,0.55,4,0.4,1000,50,1X+2X
324,5.92,0.118,3.982,0.845,1.0,1.0,1.0,0.429,0.0,-0.0,0.0,-0.071,0.882,0.836,0.55,4,0.4,1000,50,1X+2X
325,5.92,0.09,3.95,0.845,1.0,1.0,1.0,0.429,0.0,-0.0,0.0,-0.071,0.882,0.836,0.55,4,0.4,1000,50,1X+2X
326,5.92,0.013,3.94,0.845,1.0,1.0,1.0,0.429,0.0,-0.0,0.0,-0.071,0.882,0.836,0.55,4,0.4,1000,50,1X+2X
327,5.92,0.038,3.932,0.845,1.0,1.0,1.0,0.429,0.0,-0.0,0.0,-0.071,0.882,0.836,0.55,4,0.4,1000,50,1X+2X
328,5.92,-0.025,3.918,0.845,1.0,1.0,1.0,0.429,0.0,-0.0,0.0,-0.071,0.882,0.836,0.55,4,0.4,1000,50,1X+2X
329,5.92,-0.036,3.905,0.845,1.0,1.0,1.0,0.429,0.0,-0.0,0.0,-0.071,0.882,0.836,0.55,4,0.4,1000,50,1X+2X
330,5.92,0.121,3.999,0.845,1.0,1.0,1.0,0.429,0.0,-0.0,0.0,-0.071,0.882,0.836,0.55,4,0.4,1000,50,1X+2X
331,5.92,0.086,3.947,0.845,1.0,1.0,1.0,0.429,0.0,-0.0,0.0,-0.071,0.882,0.836,0.55,4,0.4,1000,50,1X+2X
332,5.92,0.052,3.97,0.845,1.0,1.0,1.0,0.429,0.0,-0.0,0.0,-0.071,0.882,0.836,0.55,4,0.4,1000,50,1X+2X
333,5.92,0.099,3.97,0.845,1.0,1.0,1.0,0.429,0.0,-0.0,0.0,-0.071,0.882,0.836,0.55,4,0.4,1000,50,1X+2X
334,5.92,0.092,3.963,0.845,1.0,1.0,1.0,0.429,0.0,-0.0,0.0,-0.071,0.882,0.836,0.55,4,0.4,1000,50,1X+2X
335,5.92,0.004,3.936,0.845,1.0,1.0,1.0,0.429,0.0,-0.0,0.0,-0.071,0.882,0.836,0.55,4,0.4,1000,50,1X+2X
336,5.92,0.018,3.968,0.845,1.0,1.0,1.0,0.429,0.0,-0.0,0.0,-0.071,0.882,0.836,0.55,4,0.4,1000,50,1X+2X
337,5.92,0.094,3.97,0.845,1.0,1.0,1.0,0.429,0.0,-0.0,0.0,-0.071,0.882,0.836,0.55,4,0.4,1000,50,1X+2X
338,5.92,-0.046,3.92,0.845,1.0,1.0,1.0,0.429,0.0,-0.0,0.0,-0.071,0.882,0.836,0.55,4,0.4,1000,50,1X+2X
339,5.92,0.127,3.923,0.845,1.0,1.0,1.0,0.429,0.0,-0.0,0.0,-0.071,0.882,0.836,0.55,4,0.4,1000,50,1X+2X
340,5.92,0.021,3.935,0.845,1.0,1.0,1.0,0.429,0.0,-0.0,0.0,-0.071,0.882,0.836,0.55,4,0.4,1000,50,1X+2X
341,5.92,-0.019,3.915,0.845,1.0,1.0,1.0,0.429,0.0,-0.0,0.0,-0.071,0.882,0.836,0.55,4,0.4,1000,50,1X+2X
342,5.92,0.072,3.928,0.845,1.0,1.0,1.0,0.429,0.0,-0.0,0.0,-0.071,0.882,0.836,0.55,4,0.4,1000,50,1X+2X
343,5.92,0.133,3.937,0.845,1.0,1.0,1.0,0.429,0.0,-0.0,0.0,-0.071,0.882,0.836,0.551,4,0.4,1000,50,1X+2X
344,5.92,0.065,3.946,0.845,1.0,1.0,1.0,0.429,0.0,-0.0,0.0,-0.071,0.882,0.836,0.55,4,0.4,1000,50,1X+2X
345,5.92,-0.038,3.933,0.845,1.0,1.0,1.0,0.429,0.0,-0.0,0.0,-0.071,0.882,0.836,0.55,4,0.4,1000,50,1X+2X
346,5.92,0.119,3.971,0.845,1.0,1.0,1.0,0.429,0.0,-0.0,0.0,-0.071,0.882,0.836,0.55,4,0.4,1000,50,1X+2X
347,5.92,0.09,3.945,0.845,1.0,1.0,1.0,0.429,0.0,-0.0,0.0,-0.071,0.882,0.836,0.55,4,0.4,1000,50,1X+2X
348,5.92,0.103,3.93,0.845,1.0,1.0,1.0,0.429,0.0,-0.0,0.0,-0.071,0.882,0.836,0.55,4,0.4,1000,50,1X+2X
349,5.92,0.133,3.973,0.845,1.0,1.0,1.0,0.429,0.0,-0.0,0.0,-0.071,0.882,0.836,0.55,4,0.4,1000,50,1X+2X
350,5.92,0.073,3.944,0.845,1.0,1.0,1.0,0.429,0.0,-0.0,0.0,-0.071,0.882,0.836,0.55,4,0.4,1000,50,1X+2X
351,5.92,-0.015,3.909,0.845,1.0,1.0,1.0,0.429,0.0,-0.0,0.0,-0.071,0.882,0.836,0.55,4,0.4,1000,50,1X+2X
352,5.92,0.062,3.949,0.845,1.0,1.0,1.0,0.429,0.0,-0.0,0.0,-0.071,0.882,0.836,0.55,4,0.4,1000,50,1X+2X
353,5.92,0.096,3.999,0.845,1.0,1.0,1.0,0.429,0.0,-0.0,0.0,-0.071,0.882,0.836,0.551,4,0.4,1000,50,1X+2X
354,5.92,-0.037,3.918,0.845,1.0,1.0,1.0,0.429,0.0,-0.0,0.0,-0.071,0.882,0.836,0.55,4,0.4,1000,50,1X+2X
355,5.92,0.028,3.964,0.845,1.0,1.0,1.0,0.429,0.0,-0.0,0.0,-0.071,0.882,0.836,0.55,4,0.4,1000,50,1X+2X
356,5.92,0.152,3.962,0.845,1.0,1.0,1.0,0.429,0.0,-0.0,0.0,-0.071,0.882,0.836,0.55,4,0.4,1000,50,1X+2X
357,5.92,0.034,3.955,0.845,1.0,1.0,1.0,0.429,0.0,-0.0,0.0,-0.071,0.882,0.836,0.55,4,0.4,1000,50,1X+2X
358,5.92,0.043,3.923,0.845,1.0,1.0,1.0,0.429,0.0,-0.0,0.0,-0.071,0.882,0.836,0.55,4,0.4,1000,50,1X+2X
359,5.92,0.023,3.951,0.845,1.0,1.0,1.0,0.429,0.0,-0.0,0.0,-0.071,0.882,0.836,0.55,4,0.4,1000,50,1X+2X
360,5.92,0.182,3.966,0.845,1.0,1.0,1.0,0.429,0.0,-0.0,0.0,-0.071,0.882,0.836,0.55,4,0.4,1000,50,1X+2X
361,5.92,0.18,3.976,0.845,1.0,1.0,1.0,0.429,0.0,-0.0,0.0,-0.071,0.882,0.836,0.55,4,0.4,1000,50,1X+2X
362,5.92,0.052,3.967,0.845,1.0,1.0,1.0,0.429,0.0,-0.0,0.0,-0.071,0.882,0.836,0.55,4,0.4,1000,50,1X+2X
363,5.92,0.021,3.964,0.845,1.0,1.0,1.0,0.429,0.0,-0.0,0.0,-0.071,0.882,0.836,0.55,4,0.4,1000,50,1X+2X
364,5.92,0.129,3.957,0.845,1.0,1.0,1.0,0.429,0.0,-0.0,0.0,-0.071,0.882,0.836,0.55,4,0.4,1000,50,1X+2X
365,5.92,0.047,3.946,0.845,1.0,1.0,1.0,0.429,0.0,-0.0,0.0,-0.071,0.882,0.836,0.55,4,0.4,1000,50,1X+2X
366,5.92,0.161,3.947,0.845,1.0,1.0,1.0,0.429,0.0,-0.0,0.0,-0.071,0.882,0.836,0.55,4,0.4,1000,50,1X+2X
367,5.92,0.134,3.987,0.845,1.0,1.0,1.0,0.429,0.0,-0.0,0.0,-0.071,0.882,0.836,0.55,4,0.4,1000,50,1X+2X
368,5.92,0.208,3.98,0.845,1.0,1.0,1.0,0.429,0.0,-0.0,0.0,-0.071,0.882,0.836,0.55,4,0.4,1000,50,1X+2X
369,5.92,0.118,3.966,0.845,1.0,1.0,1.0,0.429,0.0,-0.0,0.0,-0.071,0.882,0.836,0.55,4,0.4,1000,50,1X+2X
370,5.92,0.16,4.002,0.845,1.0,1.0,1.0,0.429,0.0,-0.0,0.0,-0.071,0.882,0.836,0.55,4,0.4,1000,50,1X+2X
371,5.92,0.185,3.996,0.845,1.0,1.0,1.0,0.429,0.0,-0.0,0.0,-0.071,0.882,0.836,0.55,4,0.4,1000,50,1X+2X
372,5.92,0.143,4.014,0.845,1.0,1.0,1.0,0.429,0.0,-0.0,0.0,-0.071,0.882,0.836,0.55,4,0.4,1000,50,1X+2X
373,5.92,0.038,4.008,0.845,1.0,1.0,1.0,0.429,0.0,-0.0,0.0,-0.071,0.882,0.836,0.55,4,0.4,1000,50,1X+2X
374,5.92,0.134,3.983,0.845,1.0,1.0,1.0,0.429,0.0,-0.0,0.0,-0.071,0.882,0.836,0.55,4,0.4,1000,50,1X+2X
375,5.92,0.177,4.01,0.845,1.0,1.0,1.0,0.429,0.0,-0.0,0.0,-0.071,0.882,0.836,0.55,4,0.4,1000,50,1X+2X
376,5.92,0.076,3.975,0.845,1.0,1.0,1.0,0.429,0.0,-0.0,0.0,-0.071,0.882,0.836,0.55,4,0.4,1000,50,1X+2X
377,5.92,0.168,3.99,0.845,1.0,1.0,1.0,0.429,0.0,-0.0,0.0,-0.071,0.882,0.836,0.55,4,0.4,1000,50,1X+2X
378,5.92,0.27,4.019,0.845,1.0,1.0,1.0,0.429,0.0,-0.0,0.0,-0.071,0.882,0.836,0.55,4,0.4,1000,50,1X+2X
379,5.92,0.069,3.981,0.845,1.0,1.0,1.0,0.429,0.0,-0.0,0.0,-0.071,0.882,0.836,0.55,4,0.4,1000,50,1X+2X
380,5.92,0.133,3.971,0.845,1.0,1.0,1.0,0.429,0.0,-0.0,0.0,-0.071,0.882,0.836,0.55,4,0.4,1000,50,1X+2X
381,5.92,0.172,3.965,0.845,1.0,1.0,1.0,0.429,0.0,-0.0,0.0,-0.071,0.882,0.836,0.55,4,0.4,1000,50,1X+2X
382,5.92,0.083,3.95,0.845,1.0,1.0,1.0,0.429,0.0,-0.0,0.0,-0.071,0.882,0.836,0.55,4,0.4,1000,50,1X+2X
383,5.92,0.125,4.001,0.845,1.0,1.0,1.0,0.429,0.0,-0.0,0.0,-0.071,0.882,0.836,0.55,4,0.4,1000,50,1X+2X
384,5.92,0.152,3.975,0.845,1.0,1.0,1.0,0.429,0.0,-0.0,0.0,-0.071,0.882,0.836,0.55,4,0.4,1000,50,1X+2X
385,5.92,0.073,3.969,0.845,1.0,1.0,1.0,0.429,0.0,-0.0,0.0,-0.071,0.882,0.836,0.55,4,0.4,1000,50,1X+2X
386,5.92,0.095,3.921,0.845,1.0,1.0,1.0,0.429,0.0,-0.0,0.0,-0.071,0.882,0.836,0.55,4,0.4,1000,50,1X+2X
387,5.92,0.069,3.938,0.845,1.0,1.0,1.0,0.429,0.0,-0.0,0.0,-0.071,0.882,0.836,0.55,4,0.4,1000,50,1X+2X
388,5.92,0.055,3.977,0.845,1.0,1.0,1.0,0.429,0.0,-0.0,0.0,-0.071,0.882,0.836,0.55,4,0.4,1000,50,1X+2X
389,5.92,0.059,3.988,0.845,1.0,1.0,1.0,0.429,0.0,-0.0,0.0,-0.071,0.882,0.836,0.55,4,0.4,1000,50,1X+2X
390,5.92,0.128,3.999,0.845,1.0,1.0,1.0,0.429,0.0,-0.0,0.0,-0.071,0.882,0.836,0.55,4,0.4,1000,50,1X+2X
391,5.92,0.051,4.003,0.845,1.0,1.0,1.0,0.429,0.0,-0.0,0.0,-0.071,0.882,0.836,0.55,4,0.4,1000,50,1X+2X
392,5.92,0.154,4.008,0.845,1.0,1.0,1.0,0.429,0.0,-0.0,0.0,-0.071,0.882,0.836,0.55,4,0.4,1000,50,1X+2X
393,5.92,0.121,3.961,0.845,1.0,1.0,1.0,0.429,0.0,-0.0,0.0,-0.071,0.882,0.836,0.55,4,0.4,1000,50,1X+2X
394,5.92,0.076,3.97,0.845,1.0,1.0,1.0,0.429,0.0,-0.0,0.0,-0.071,0.882,0.836,0.55,4,0.4,1000,50,1X+2X
395,5.92,0.041,3.932,0.845,1.0,1.0,1.0,0.429,0.0,-0.0,0.0,-0.071,0.882,0.836,0.55,4,0.4,1000,50,1X+2X
396,5.92,0.077,3.972,0.845,1.0,1.0,1.0,0.429,0.0,-0.0,0.0,-0.071,0.882,0.836,0.55,4,0.4,1000,50,1X+2X
397,5.92,0.076,3.953,0.845,1.0,1.0,1.0,0.429,0.0,-0.0,0.0,-0.071,0.882,0.836,0.55,4,0.4,1000,50,1X+2X
398,5.92,0.176,3.984,0.845,1.0,1.0,1.0,0.429,0.0,-0.0,0.0,-0.071,0.882,0.836,0.55,4,0.4,1000,50,1X+2X
399,5.92,0.15,3.958,0.845,1.0,1.0,1.0,0.429,0.0,-0.0,0.0,-0.071,0.882,0.836,0.55,4,0.4,1000,50,1X+2X
400,5.92,0.1,3.956,0.845,1.0,1.0,1.0,0.429,0.0,-0.0,0.0,-0.071,0.882,0.836,0.55,4,0.4,1000,50,1X+2X
401,5.92,0.137,3.965,0.845,1.0,1.0,1.0,0.429,0.0,-0.0,0.0,-0.071,0.882,0.836,0.55,4,0.4,1000,50,1X+2X
402,5.92,0.222,4.033,0.845,1.0,1.0,1.0,0.429,0.0,-0.0,0.0,-0.071,0.882,0.836,0.55,4,0.4,1000,50,1X+2X
403,5.92,0.109,3.965,0.845,1.0,1.0,1.0,0.429,0.0,-0.0,0.0,-0.071,0.882,0.836,0.55,4,0.4,1000,50,1X+2X
404,5.92,0.125,3.973,0.845,1.0,1.0,1.0,0.429,0.0,-0.0,0.0,-0.071,0.882,0.836,0.55,4,0.4,1000,50,1X+2X
405,5.92,0.178,3.978,0.845,1.0,1.0,1.0,0.429,0.0,-0.0,0.0,-0.071,0.882,0.836,0.55,4,0.4,1000,50,1X+2X
406,5.92,0.153,3.969,0.845,1.0,1.0,1.0,0.429,0.0,-0.0,0.0,-0.071,0.882,0.836,0.55,4,0.4,1000,50,1X+2X
407,5.92,0.098,3.966,0.845,1.0,1.0,1.0,0.429,0.0,-0.0,0.0,-0.071,0.882,0.836,0.55,4,0.4,1000,50,1X+2X
408,5.92,0.197,4.009,0.845,1.0,1.0,1.0,0.429,0.0,-0.0,0.0,-0.071,0.882,0.836,0.55,4,0.4,1000,50,1X+2X
409,5.92,0.194,3.971,0.845,1.0,1.0,1.0,0.429,0.0,-0.0,0.0,-0.071,0.882,0.836,0.55,4,0.4,1000,50,1X+2X
410,5.92,0.121,4.028,0.845,1.0,1.0,1.0,0.429,0.0,-0.0,0.0,-0.071,0.882,0.836,0.55,4,0.4,1000,50,1X+2X
411,5.92,0.137,3.981,0.845,1.0,1.0,1.0,0.429,0.0,-0.0,0.0,-0.071,0.882,0.836,0.55,4,0.4,1000,50,1X+2X
412,5.92,0.186,3.981,0.845,1.0,1.0,1.0,0.429,0.0,-0.0,0.0,-0.071,0.882,0.836,0.55,4,0.4,1000,50,1X+2X
413,5.92,0.113,3.983,0.845,1.0,1.0,1.0,0.429,0.0,-0.0,0.0,-0.071,0.882,0.836,0.55,4,0.4,1000,50,1X+2X
414,5.92,0.143,4.004,0.845,1.0,1.0,1.0,0.429,0.0,-0.0,0.0,-0.071,0.882,0.836,0.55,4,0.4,1000,50,1X+2X
415,5.92,0.065,3.984,0.845,1.0,1.0,1.0,0.429,0.0,-0.0,0.0,-0.071,0.882,0.836,0.55,4,0.4,1000,50,1X+2X
416,5.92,0.09,3.998,0.845,1.0,1.0,1.0,0.429,0.0,-0.0,0.0,-0.071,0.882,0.836,0.55,4,0.4,1000,50,1X+2X
417,5.92,0.155,3.978,0.845,1.0,1.0,1.0,0.429,0.0,-0.0,0.0,-0.071,0.882,0.836,0.55,4,0.4,1000,50,1X+2X
418,5.92,0.071,3.985,0.845,1.0,1.0,1.0,0.429,0.0,-0.0,0.0,-0.071,0.882,0.836,0.55,4,0.4,1000,50,1X+2X
419,5.92,0.121,4.026,0.845,1.0,1.0,1.0,0.429,0.0,-0.0,0.0,-0.071,0.882,0.836,0.55,4,0.4,1000,50,1X+2X
420,5.92,0.046,3.897,0.845,1.0,1.0,1.0,0.429,0.0,-0.0,0.0,-0.071,0.882,0.836,0.55,4,0.4,1000,50,1X+2X
421,5.92,-0.021,3.942,0.845,1.0,1.0,1.0,0.429,0.0,-0.0,0.0,-0.071,0.882,0.836,0.55,4,0.4,1000,50,1X+2X
422,5.92,0.031,3.956,0.845,1.0,1.0,1.0,0.429,0.0,-0.0,0.0,-0.071,0.882,0.836,0.55,4,0.4,1000,50,1X+2X
423,5.92,0.061,3.952,0.845,1.0,1.0,1.0,0.429,0.0,-0.0,0.0,-0.071,0.882,0.836,0.55,4,0.4,1000,50,1X+2X
424,5.92,-0.025,3.934,0.845,1.0,1.0,1.0,0.429,0.0,-0.0,0.0,-0.071,0.882,0.836,0.55,4,0.4,1000,50,1X+2X
425,5.92,0.076,3.974,0.845,1.0,1.0,1.0,0.429,0.0,-0.0,0.0,-0.071,0.882,0.836,0.55,4,0.4,1000,50,1X+2X
426,5.92,0.079,3.962,0.845,1.0,1.0,1.0,0.429,0.0,-0.0,0.0,-0.071,0.882,0.836,0.55,4,0.4,1000,50,1X+2X
427,5.92,0.163,3.954,0.845,1.0,1.0,1.0,0.429,0.0,-0.0,0.0,-0.071,0.882,0.836,0.55,4,0.4,1000,50,1X+2X
428,5.92,0.205,3.991,0.845,1.0,1.0,1.0,0.429,0.0,-0.0,0.0,-0.071,0.882,0.836,0.55,4,0.4,1000,50,1X+2X
429,5.92,0.123,3.994,0.845,1.0,1.0,1.0,0.429,0.0,-0.0,0.0,-0.071,0.882,0.836,0.55,4,0.4,1000,50,1X+2X
430,6.137,0.177,3.969,0.795,1.0,1.0,1.0,0.571,0.0,-0.0,0.0,-0.071,0.921,0.921,0.001,4,0.4,1000,50,1X+2X
431,6.137,0.145,3.989,0.795,1.0,1.0,1.0,0.571,0.0,-0.0,0.0,-0.071,0.921,0.921,0.002,4,0.4,1000,50,1X+2X
432,6.137,0.187,3.982,0.795,1.0,1.0,1.0,0.571,0.0,-0.0,0.0,-0.071,0.921,0.921,0.006,4,0.4,1000,50,1X+2X
433,6.137,0.101,4.01,0.795,1.0,1.0,1.0,0.571,0.0,-0.0,0.0,-0.071,0.921,0.921,0.012,4,0.4,1000,50,1X+2X
434,6.137,0.083,3.984,0.795,1.0,1.0,1.0,0.571,0.0,-0.0,0.0,-0.071,0.921,0.921,0.029,4,0.4,1000,50,1X+2X
435,6.137,0.169,4.032,0.795,1.0,1.0,1.0,0.571,0.0,-0.0,0.0,-0.071,0.921,0.921,0.065,4,0.4,1000,50,1X+2X
436,6.137,0.135,3.985,0.795,1.0,1.0,1.0,0.571,0.0,-0.0,0.0,-0.071,0.921,0.921,0.129,4,0.4,1000,50,1X+2X
437,6.137,0.133,4.038,0.795,1.0,1.0,1.0,0.571,0.0,-0.0,0.0,-0.071,0.921,0.921,0.2,4,0.4,1000,50,1X+2X
438,6.169,0.188,4.08,0.795,1.0,1.0,1.0,0.571,0.0,-0.0,0.0,-0.071,0.952,0.921,0.282,4,0.4,1000,50,1X+2X
439,6.169,0.128,4.029,0.795,1.0,1.0,1.0,0.571,0.0,-0.0,0.0,-0.071,0.952,0.921,0.37,4,0.4,1000,50,1X+2X
440,6.169,0.104,4.086,0.795,1.0,1.0,1.0,0.571,0.0,-0.0,0.0,-0.071,0.952,0.921,0.451,4,0.4,1000,50,1X+2X
441,6.169,0.105,4.085,0.795,1.0,1.0,1.0,0.571,0.0,-0.0,0.0,-0.071,0.952,0.921,0.518,4,0.4,1000,50,1X+2X
442,6.169,0.074,4.056,0.795,1.0,1.0,1.0,0.571,0.0,-0.0,0.0,-0.071,0.952,0.921,0.55,4,0.4,1000,50,1X+2X
443,6.169,-0.011,4.078,0.795,1.0,1.0,1.0,0.571,0.0,-0.0,0.0,-0.071,0.952,0.921,0.55,4,0.4,1000,50,1X+2X
444,6.169,0.219,4.118,0.795,1.0,1.0,1.0,0.571,0.0,-0.0,0.0,-0.071,0.952,0.921,0.55,4,0.4,1000,50,1X+2X
445,6.169,0.068,4.101,0.795,1.0,1.0,1.0,0.571,0.0,-0.0,0.0,-0.071,0.952,0.921,0.55,4,0.4,1000,50,1X+2X
446,6.169,0.074,4.09,0.795,1.0,1.0,1.0,0.571,0.0,-0.0,0.0,-0.071,0.952,0.921,0.55,4,0.4,1000,50,1X+2X
447,6.169,0.156,4.107,0.795,1.0,1.0,1.0,0.571,0.0,-0.0,0.0,-0.071,0.952,0.921,0.55,4,0.4,1000,50,1X+2X
448,6.169,0.105,4.116,0.795,1.0,1.0,1.0,0.571,0.0,-0.0,0.0,-0.071,0.952,0.921,0.55,4,0.4,1000,50,1X+2X
449,6.169,0.146,4.144,0.795,1.0,1.0,1.0,0.571,0.0,-0.0,0.0,-0.071,0.952,0.921,0.55,4,0.4,1000,50,1X+2X
450,6.169,0.102,4.112,0.795,1.0,1.0,1.0,0.571,0.0,-0.0,0.0,-0.071,0.952,0.921,0.55,4,0.4,1000,50,1X+2X
451,6.169,0.013,4.073,0.795,1.0,1.0,1.0,0.571,0.0,-0.0,0.0,-0.071,0.952,0.921,0.55,4,0.4,1000,50,1X+2X
452,6.169,0.062,4.095,0.795,1.0,1.0,1.0,0.571,0.0,-0.0,0.0,-0.071,0.952,0.921,0.55,4,0.4,1000,50,1X+2X
453,6.169,0.029,4.057,0.795,1.0,1.0,1.0,0.571,0.0,-0.0,0.0,-0.071,0.952,0.921,0.55,4,0.4,1000,50,1X+2X
454,6.169,0.029,4.108,0.795,1.0,1.0,1.0,0.571,0.0,-0.0,0.0,-0.071,0.952,0.921,0.55,4,0.4,1000,50,1X+2X
455,6.169,0.101,4.089,0.795,1.0,1.0,1.0,0.571,0.0,-0.0,0.0,-0.071,0.952,0.921,0.55,4,0.4,1000,50,1X+2X
456,6.169,0.109,4.114,0.795,1.0,1.0,1.0,0.571,0.0,-0.0,0.0,-0.071,0.952,0.921,0.55,4,0.4,1000,50,1X+2X
457,6.169,0.14,4.114,0.795,1.0,1.0,1.0,0.571,0.0,-0.0,0.0,-0.071,0.952,0.921,0.55,4,0.4,1000,50,1X+2X
458,6.169,0.089,4.095,0.795,1.0,1.0,1.0,0.571,0.0,-0.0,0.0,-0.071,0.952,0.921,0.55,4,0.4,1000,50,1X+2X
459,6.169,0.073,4.085,0.795,1.0,1.0,1.0,0.571,0.0,-0.0,0.0,-0.071,0.952,0.921,0.55,4,0.4,1000,50,1X+2X
460,6.169,0.103,4.08,0.795,1.0,1.0,1.0,0.571,0.0,-0.0,0.0,-0.071,0.952,0.921,0.55,4,0.4,1000,50,1X+2X
461,6.169,-0.006,4.095,0.795,1.0,1.0,1.0,0.571,0.0,-0.0,0.0,-0.071,0.952,0.921,0.55,4,0.4,1000,50,1X+2X
462,6.169,0.112,4.119,0.795,1.0,1.0,1.0,0.571,0.0,-0.0,0.0,-0.071,0.952,0.921,0.55,4,0.4,1000,50,1X+2X
463,6.169,0.094,4.103,0.795,1.0,1.0,1.0,0.571,0.0,-0.0,0.0,-0.071,0.952,0.921,0.55,4,0.4,1000,50,1X+2X
464,6.169,0.215,4.134,0.795,1.0,1.0,1.0,0.571,0.0,-0.0,0.0,-0.071,0.952,0.921,0.55,4,0.4,1000,50,1X+2X
465,6.169,0.185,4.11,0.795,1.0,1.0,1.0,0.571,0.0,-0.0,0.0,-0.071,0.952,0.921,0.55,4,0.4,1000,50,1X+2X
466,6.169,0.04,4.101,0.795,1.0,1.0,1.0,0.571,0.0,-0.0,0.0,-0.071,0.952,0.921,0.55,4,0.4,1000,50,1X+2X
467,6.169,0.172,4.115,0.795,1.0,1.0,1.0,0.571,0.0,-0.0,0.0,-0.071,0.952,0.921,0.55,4,0.4,1000,50,1X+2X
468,6.169,0.124,4.099,0.795,1.0,1.0,1.0,0.571,0.0,-0.0,0.0,-0.071,0.952,0.921,0.55,4,0.4,1000,50,1X+2X
469,6.169,0.168,4.126,0.795,1.0,1.0,1.0,0.571,0.0,-0.0,0.0,-0.071,0.952,0.921,0.551,4,0.4,1000,50,1X+2X
470,6.169,0.244,4.142,0.795,1.0,1.0,1.0,0.571,0.0,-0.0,0.0,-0.071,0.952,0.921,0.55,4,0.4,1000,50,1X+2X
471,6.169,0.16,4.15,0.795,1.0,1.0,1.0,0.571,0.0,-0.0,0.0,-0.071,0.952,0.921,0.55,4,0.4,1000,50,1X+2X
472,6.169,0.131,4.14,0.795,1.0,1.0,1.0,0.571,0.0,-0.0,0.0,-0.071,0.952,0.921,0.55,4,0.4,1000,50,1X+2X
473,6.169,0.093,4.102,0.795,1.0,1.0,1.0,0.571,0.0,-0.0,0.0,-0.071,0.952,0.921,0.55,4,0.4,1000,50,1X+2X
474,6.169,0.058,4.13,0.795,1.0,1.0,1.0,0.571,0.0,-0.0,0.0,-0.071,0.952,0.921,0.55,4,0.4,1000,50,1X+2X
475,6.169,0.076,4.112,0.795,1.0,1.0,1.0,0.571,0.0,-0.0,0.0,-0.071,0.952,0.921,0.55,4,0.4,1000,50,1X+2X
476,6.169,0.058,4.104,0.795,1.0,1.0,1.0,0.571,0.0,-0.0,0.0,-0.071,0.952,0.921,0.55,4,0.4,1000,50,1X+2X
477,6.169,0.172,4.126,0.795,1.0,1.0,1.0,0.571,0.0,-0.0,0.0,-0.071,0.952,0.921,0.551,4,0.4,1000,50,1X+2X
478,6.169,0.075,4.07,0.795,1.0,1.0,1.0,0.571,0.0,-0.0,0.0,-0.071,0.952,0.921,0.55,4,0.4,1000,50,1X+2X
479,6.169,0.093,4.095,0.795,1.0,1.0,1.0,0.571,0.0,-0.0,0.0,-0.071,0.952,0.921,0.55,4,0.4,1000,50,1X+2X
480,6.169,0.001,4.068,0.795,1.0,1.0,1.0,0.571,0.0,-0.0,0.0,-0.071,0.952,0.921,0.55,4,0.4,1000,50,1X+2X
481,6.169,0.054,4.072,0.795,1.0,1.0,1.0,0.571,0.0,-0.0,0.0,-0.071,0.952,0.921,0.55,4,0.4,1000,50,1X+2X
482,6.169,0.034,4.094,0.795,1.0,1.0,1.0,0.571,0.0,-0.0,0.0,-0.071,0.952,0.921,0.55,4,0.4,1000,50,1X+2X
483,6.169,0.068,4.1,0.795,1.0,1.0,1.0,0.571,0.0,-0.0,0.0,-0.071,0.952,0.921,0.55,4,0.4,1000,50,1X+2X
484,6.169,0.15,4.094,0.795,1.0,1.0,1.0,0.571,0.0,-0.0,0.0,-0.071,0.952,0.921,0.55,4,0.4,1000,50,1X+2X
485,6.169,0.204,4.139,0.795,1.0,1.0,1.0,0.571,0.0,-0.0,0.0,-0.071,0.952,0.921,0.55,4,0.4,1000,50,1X+2X
486,6.169,0.057,4.083,0.795,1.0,1.0,1.0,0.571,0.0,-0.0,0.0,-0.071,0.952,0.921,0.55,4,0.4,1000,50,1X+2X
487,6.169,0.093,4.159,0.795,1.0,1.0,1.0,0.571,0.0,-0.0,0.0,-0.071,0.952,0.921,0.55,4,0.4,1000,50,1X+2X
488,6.169,0.136,4.127,0.795,1.0,1.0,1.0,0.571,0.0,-0.0,0.0,-0.071,0.952,0.921,0.55,4,0.4,1000,50,1X+2X
489,6.169,0.127,4.07,0.795,1.0,1.0,1.0,0.571,0.0,-0.0,0.0,-0.071,0.952,0.921,0.55,4,0.4,1000,50,1X+2X
490,6.169,0.113,4.096,0.795,1.0,1.0,1.0,0.571,0.0,-0.0,0.0,-0.071,0.952,0.921,0.55,4,0.4,1000,50,1X+2X
491,6.169,0.165,4.121,0.795,1.0,1.0,1.0,0.571,0.0,-0.0,0.0,-0.071,0.952,0.921,0.55,4,0.4,1000,50,1X+2X
492,6.169,0.069,4.109,0.795,1.0,1.0,1.0,0.571,0.0,-0.0,0.0,-0.071,0.952,0.921,0.55,4,0.4,1000,50,1X+2X
493,6.169,0.023,4.107,0.795,1.0,1.0,1.0,0.571,0.0,-0.0,0.0,-0.071,0.952,0.921,0.55,4,0.4,1000,50,1X+2X
494,6.169,0.12,4.088,0.795,1.0,1.0,1.0,0.571,0.0,-0.0,0.0,-0.071,0.952,0.921,0.55,4,0.4,1000,50,1X+2X
495,6.169,-0.074,4.055,0.795,1.0,1.0,1.0,0.571,0.0,-0.0,0.0,-0.071,0.952,0.921,0.55,4,0.4,1000,50,1X+2X
496,6.169,0.017,4.065,0.795,1.0,1.0,1.0,0.571,0.0,-0.0,0.0,-0.071,0.952,0.921,0.55,4,0.4,1000,50,1X+2X
497,6.169,0.006,4.096,0.795,1.0,1.0,1.0,0.571,0.0,-0.0,0.0,-0.071,0.952,0.921,0.55,4,0.4,1000,50,1X+2X
498,6.169,0.079,4.067,0.795,1.0,1.0,1.0,0.571,0.0,-0.0,0.0,-0.071,0.952,0.921,0.55,4,0.4,1000,50,1X+2X
499,6.169,0.098,4.093,0.795,1.0,1.0,1.0,0.571,0.0,-0.0,0.0,-0.071,0.952,0.921,0.55,4,0.4,1000,50,1X+2X
