,D4,F4,F#4,G4,G4,A4,A4,REST,A4,B4,C5,A4,G4,F4,A4,F#4,REST,F#4,F#4,E4,D4,F4,F4,REST,F#4,D4,D4,C#4,D4,E4,E4,G4,E4,G4,G#4,G#4,D4,C4,REST,REST,D4,D#4,D#4,D#4,G4,C4,C4,A4,B4,C5,B4,E4,G#4,F#4,D#4,E4,C4,D4,D4,A4,G4,E4,C#4,C#4,REST,C4,C#4,A4,A#4,A#4,D#4,D#4,REST,F4,E4,F4,F#4,E4,C4,D4,E4,B4,D5,D#5,D5,B4,REST,G#4,B4,D4,G#4,F4,G4,C4,F4,G4,C4,C4,REST,G4,C#4,D5,E5,E5,D5,C#5,C#4,A4,REST,C#4,A#4,F#4,A#4,C4,A#4,C5,D5,A4,G4,C5,G#4,G#4,C#4,REST,E4,C4,B4,A4,E4,B4,D5,A4,C#5,F4,C5,C#5,C5,C#5,REST,A4,B4,D5,F#4,REST,C4,A4,REST,C4,F#4,D#4,E4,G4,G#4,REST,F#4,B4,E4,F#4,D4,C#5,D4,F#4,C4,REST,D#5,D#5,E5,B4,D4,C5,C#4,F#4,C#4,G#4,G#4,D#4,A4,C#4,C5,C#5,D5,C#5,D5,C5,C5,C#5,F#4,C4,G#4,C#4,C4,F5,E5,F5,D5,F5,A4,G4,E5,D5,D#4,F4,C5,F5,F4,A4,B4,G#4,C5,F4,REST,F5,E4,E5,B4,F4,C5,D#4,G4,C5,B4,F4,E5,G4,E5,E5,D5,C#5,C#4,E4,A4,G4,D5,D5,D5,F#4,B4,E5,F#4,E5,C4,REST,C#4,D4,E5,C#5,F4,E5,A4,F#5,F#5,F4,D5,F#5,C#5,D4,F#4,REST,F5,B4,D4,B4,D4,D#5,D#5,C#4,C#5,F#5,D#5,C#5,E5,G#4,B4,F5,G5,F5,E5,D5,F5,F5,A5,A5,G5,G#4,C#5,G4,C#5,E5,E5
,F4,F#4,G4,G4,A4,A4,REST,A4,B4,C5,A4,G4,F4,A4,F4,REST,F#4,F#4,E4,D4,REST,REST,G4,G4,D4,D4,C#4,D4,E4,E4,F#4,E4,REST,G#4,G#4,F#4,C4,REST,E4,D4,D#4,E4,D4,REST,F#4,E4,A4,C5,B4,B4,A4,G4,A4,A4,D#4,C4,D4,F#4,A4,F#4,B4,D#4,C#4,REST,C4,C#4,D#4,A#4,A#4,D4,G4,C#4,REST,E4,A4,D4,G#4,F4,C4,G4,B4,D5,D#5,C5,C5,G#4,B4,E4,G4,G#4,G4,F4,REST,G4,C4,C4,F#4,F4,F4,D4,F4,E5,E5,D5,C#5,B4,C4,E4,C#4,E4,B4,A#4,G#4,D#4,G4,D5,D5,G#4,C5,C5,F4,D4,A4,G#4,G#4,G#4,F#4,D4,C#4,REST,A4,C#5,A4,C5,C#5,D5,G4,C#5,C5,E5,E4,B4,B4,D#4,C5,D5,C#5,C#5,C5,F#4,D5,D5,C4,D5,F4,A#4,C5,C4,D5,D4,C5,C#4,B4,D#5,D#5,E5,C5,C#5,B4,REST,F#4,D#4,G#4,B4,REST,C4,C4,B4,C4,G4,F4,C5,C4,E5,F4,F4,C#5,D5,A#4,G4,F5,E5,F5,F5,F5,G4,F5,F5,C#5,G4,A4,D#4,F5,D5,C#4,C#4,D4,C#4,E4,D5,F5,C4,C#5,F4,F4,E5,F#4,B4,C#4,D4,C4,B4,D4,E5,D#5,A4,REST,F#4,C#5,E5,D#4,C#5,F#4,D4,E4,D5,E5,F#4,E5,B4,E5,E5,E5,E5,G4,E5,G#4,REST,F#5,F#5,A4,F5,F#5,REST,C#4,F#5,F#5,F#5,A4,C#4,C#5,D#5,D#5,D5,B4,D5,D#5,E5,C#5,F#5,F#5,E5,F#5,G5,F5,C5,E4,G5,REST,A5,A5,REST,A5,C#5,G#4,A#4,REST,G#4,C4
F#4,1.137346555691839e-201,0.013698996655518398,4.009123660584292e-156,3.3322145454738665e-201,3.481435907825511e-201,1.550322987974204e-21,0.04504504504504504,8.741413047224059e-14,1.7064527310764676e-21,0.0,1.5177175739182715e-201,1.669519161687425e-196,1.066949635697051e-199,0.0013961605584642237,3.453302107728338e-05,0.3177083333333333,0.6938110749185668,0.00048653303637713463,1.7091917863815378e-163,1.556944276902734e-201,9.039448275862072e-05,0.0007543424317617868,7.356541797423729e-202,5.057432005066404e-24,0.02021276595744681,1.1393154528712177e-189,0.0016148023549201014,2.7569332274594985e-65,5.788580002296662e-200,7.578062307397529e-196,7.336354243812962e-126,2.1771116036371e-201,0.0003043858665171062,5.307987168573798e-10,0.2857142857142857,0.9963508363636364,1.657894763175796e-166,2.0756214799889456e-27,0.0004318072289156628,5.431925560124863e-21,0.021739130434782608,0.29577464788732394,0.0009309090909090912,0.14285714285714285,9.663587809025445e-162,2.65976099972098e-77,1.9134348682690305e-23,1.0012862274243978e-158,1.396515957233324e-200,4.253044878164057e-94,1.461148100708582e-200,3.833778521770251e-201,0.09223300970873786,1.7087887389554288e-125,0.030303030303030304,9.892139437568785e-187,2.0388776190605778e-202,0.900366373902133,1.694963864016931e-190,0.009043478260869564,0.0,0.05357142857142857,0.002729023383768913,0.06810035842293907,6.271856448598139e-10,0.0013636363636363637,0.0,0.0,0.0,0.0,0.7272727272727273,0.13793103448275862,6.412022542266753e-05,1.1610774381275669e-201,3.623675236359541e-21,5.18971460353028e-175,0.2,7.039265842056204e-126,0.028571428570959446,1.81894157767887e-200,1.6137177819070755e-200,1.3190428959030924e-42,0.0,0.0,0.0,0.99746048,0.022727272727272728,4.2561740430038743e-10,8.572068857490368e-201,0.1111111111111111,0.06,1.5191008101881737e-202,1.9851602262877478e-24,0.039999999997915,2.0782742725618275e-24,0.0,5.129241871446148e-160,2.564382188460555e-28,1.3793524818118252e-18,1.8315062588132448e-97,0.3409090909090909,1.8766764731116478e-08,1.3649179739869228e-168,2.5836916647046123e-199,0.05,0.0012800000000000003,0.006944444444444444,8.562557951192788e-126,0.002162162162162162,0.06098654708520179,0.0,0.0,0.8,0.0,0.625,0.0,4.915177097184842e-201,0.4021164021164021,1.8023770595770596e-142,5.916631506880025e-167,0.0,0.1,0.15254237288135594,0.18518518518518517,0.2318840579710145,1.872218518552137e-45,8.920499578845787e-82,0.07880434782608696,1.9846819232623247e-25,0.0,0.008296296296296298,0.02564102564102564,0.009056603773584906,0.0,0.0,0.0,2.2422752661543616e-198,0.0,0.0,0.0,1.0138756928049496e-128,5.35754303593148e-201,2.440174751126679e-86,0.045454545454545456,3.3488760039308624e-197,0.003870967741935484,0.0,2.469606195200002e-07,0.0,0.0,2.581110153846155e-06,4.007119248108662e-192,0.0,0.0,0.2261904761904762,0.0,8.423521578064923e-153,9.607972713061822e-28,0.0,0.0,0.005333333333333334,0.09090909090909091,3.83117117217634e-133,0.0,0.0,1.9342813113834107e-19,8.485446233738661e-191,8.40408216482241e-123,5.786441100773941e-88,0.0,0.25196850393700787,0.1,1.0,0.0,0.07142857142857142,0.0,0.0034408602150537643,0.0,0.09090909090691587,0.42857142857142855,0.0,0.0,0.0,0.0,0.0,0.0,0.14285714285714285,0.0,0.0,0.0013653333333333338,0.0,0.0,0.0,0.0,0.0,0.0,0.0,0.0,0.0,4.077850550588471e-32,0.0,0.0,0.0,0.0,0.0,0.1111111111111111,3.7682768313783734e-167,0.0,1.3190513682705425e-118,0.0,0.0,0.0,0.0,0.0,0.0,0.0,2.4198596431194325e-42,0.0,0.0,0.0,0.0,0.0,0.0,0.0,0.0,8.476673415126647e-110,0.13333333333333333,0.17142857142857143,0.0,0.0,0.0,0.0,1.376592082051283e-07,0.0,4.4212144260192225e-19,2.6843545600000026e-08,2.6854367001958787e-155,0.005161290322580646,0.31092436974789917,4.9307359947304025e-50,2.6334277292501706e-198,0.0,0.0,0.0,0.0,0.0,0.0,0.16666666666666666,0.0,0.0,0.0,0.0,0.0,0.058666666666666686,0.0,0.0,0.0,0.0,0.0,0.3333333333333333,0.0,0.0,0.0,0.0,0.0,0.0,0.0,0.0,0.0,0.0,0.0,0.2,0.0,0.0,0.0,0.0,0.0,0.0,0.0,0.0,0.0,0.0,0.0,0.0,0.0,0.0,0.0,1.0,0.0
E4,7.481101039708175e-199,0.015411371237458196,1.0,6.156010613519719e-200,1.469594224979918e-200,1.2968499350324098e-20,0.04804804804804805,3.071307286862508e-14,2.031491346519603e-21,4.214533762057879e-06,1.3724482918641483e-105,1.6273150478344685e-199,0.9516129033564366,0.0016753926701570682,0.00036451522248243573,0.17708333333333334,0.11074918566775246,0.9989065170007424,1.8312769139802238e-163,2.35447603969271e-86,0.000346888827586207,0.0028188585607940454,1.104302838534248e-199,1.4547921693586077e-23,0.04702127659574468,3.1090948218847906e-181,0.07239697224558453,1.0,3.72612672468097e-192,6.650802377101036e-189,1.7232627840786192e-125,1.332246225916482e-141,0.025079819458910878,0.9999999919470252,0.14285714285714285,0.0026624000000000005,0.14583333633508566,4.258326915904133e-24,0.008611469879518071,4.561832634946222e-21,0.4782608695652174,0.2112676056338028,0.0037236363636363647,0.14285714285714285,1.0,0.04166666638129555,0.9999999999999262,2.4472956028897694e-157,2.5391199222424117e-201,0.03703703728258917,2.8350634789868107e-201,2.0919902862128825e-158,0.07766990291262135,1.0,0.30303030303030304,0.6764705898238021,2.0610520996461626e-115,0.02127979924717692,6.905408334883799e-191,0.022830039525691702,7.668239078146188e-201,0.5803571428571429,0.01584594222833563,0.2078853046594982,0.49983325063869455,0.015454545454545453,0.7333333333333333,0.0,0.0,0.0,0.0,0.13793103448275862,0.0002500688791484034,7.57432821106036e-169,2.4503569087898898e-18,5.835866477810913e-158,0.1259259259259259,1.0,0.37142857142716407,1.0,9.682306691442427e-201,0.0,0.0,0.0,6.259696701215747e-165,0.0008192000000000004,0.022727272727272728,0.999999996784224,2.5261545988467324e-198,0.0,0.04000000000000001,5.646013933281103e-196,1.3675548225537813e-23,0.359999999981235,4.331859358698533e-31,3.868560013997374e-18,1.4105415146476885e-159,5.705845436672343e-18,1.0428014234916591e-15,1.0,0.18181818181818182,0.0,0.0,0.0,0.0,0.0,0.1527777777777778,1.290588444817461e-125,0.03963963963963965,0.38729446935724965,0.0,0.0,0.2,0.0020480000000000008,0.125,4.311015961518961e-195,0.0,0.07936507936507936,0.3823529345645429,0.1538461538475973,0.9166666666666666,0.1,0.06779661016949153,0.07407407407407407,0.13043478260869565,5.60378405334137e-43,6.807749678592827e-81,0.21195652173913043,9.210959695140527e-25,0.0,0.0011851851851851854,0.0,0.0030188679245283017,2.6459948320413447e-05,0.0,0.0,0.2222222222222222,0.0,1.0416317880794705e-05,0.0,9.344547701265716e-126,0.0,1.0,0.45454545454545453,0.5000000287269403,0.0012903225806451615,0.0,5.481452011520004e-06,0.0,0.9999999752609884,1.2905550769230775e-06,4.007119248108662e-192,0.0,0.0,0.15476190476190477,0.0,0.4603174631847532,9.607972713061822e-28,0.02564102564102564,1.0,0.0008888888888888889,0.3181818181818182,1.7404329651371324e-125,0.0,0.0,0.0,0.21428571429035398,0.0,9.644068501289917e-89,0.6069565217391304,0.5039370078740157,0.6,0.0,0.8523076923076923,0.21428571428571427,0.9999999999998419,0.0034408602150537643,0.0,0.45454545455850476,0.2857142857142857,0.045454545454545456,0.0,0.0,0.499999999993745,1.2314159548825186e-154,0.0,0.0,1.300821073183985e-46,0.0,0.0007585185185185186,0.0,0.0,0.0,0.0,0.0,0.0,0.0,0.0,0.0,4.077850550588471e-32,0.0,0.5,0.0,0.0,0.25,0.36666666666666664,2.2609660988270197e-166,0.0,0.06249999980576677,0.0,0.0,0.0,0.0,0.0,7.361862769909979e-49,0.125,0.0,0.5,1.2192744186046518e-05,1.0,0.0005461333333333336,0.0,0.0,0.0,0.0,0.0,0.06666666666666667,0.0,0.0,0.0,0.5,0.0,0.9999992015765924,0.9998981383314286,0.0,6.7108864000000065e-09,0.0,0.0,0.0,0.0,1.6687453112147862e-64,0.0,0.0,0.6,0.0,0.0,0.0,0.0,0.0,0.0,1.0,0.0,0.0,0.0,0.3333333333333333,0.0,0.0,0.0,0.0,0.3333333333333333,0.0,0.0,0.0,0.0,0.0,0.0,0.0,0.0,0.0,0.0,0.0,0.0,0.0,0.0,0.0,0.0,1.9535906143885158e-190,0.0,0.0,0.0,0.0,0.0,0.0,0.0,0.0,0.0,0.5,0.0,6.3395343736281216e-180
G4,1.0,0.7165484949832776,1.4508770310874334e-157,1.7799116219085406e-157,1.0,0.33332459521090707,0.18018018018018017,0.9999999999992204,7.882186424496063e-21,0.9959349504823151,1.0,1.5572442798135358e-35,0.032258064429619676,0.8930820244328098,0.9950627372365339,0.041666666666666664,0.08078175895765473,0.000200694877505568,3.2568713496818282e-158,5.3874161989169126e-182,0.000454232275862069,0.010004962779156329,1.8318528999959449e-183,1.0700628584633193e-21,0.8527659574468085,4.387442909955211e-189,0.0008074011774600507,6.362153601829612e-66,1.0,7.782987708093242e-199,3.875022312842109e-123,2.9268321946998993e-199,0.005811568517479902,6.703229510027486e-09,0.02040816326530612,0.00016756363636363645,0.12499999957529478,6.241045382435475e-25,0.00119055421686747,6.574706444235623e-21,0.10869565217391304,0.06338028169014084,0.0,0.0,2.1883218891352326e-159,0.14583333233230797,1.3976778958590551e-19,1.0,1.0,0.9259259254348217,1.0,1.9062681806976943e-198,0.0970873786407767,1.43981273374948e-125,0.0,0.14705882280363802,1.7746019163939476e-199,0.00650439146800502,1.0,0.00822134387351779,1.150235861721932e-199,0.008928571428571428,0.0004401650618982119,0.021505376344086023,3.667413042033121e-07,0.8404545454545455,0.0,0.45454545454545453,0.3333333333333333,0.0,0.0,0.0,0.00037189730745147166,1.3533022754289631e-179,1.3191449325343938e-20,6.704228489223565e-172,0.02962962962962963,2.393822536677606e-113,0.3428571428711496,1.4205630165876796e-197,9.682306691442427e-201,1.495743546902345e-51,0.0,0.0,6.548708967497204e-151,0.0,0.022727272727272728,9.458164540008608e-11,5.243208197051028e-199,0.1111111111111111,0.04000000000000001,1.0,1.0,0.039999999997915,3.887684323478973e-29,4.2954453987097266e-24,1.0,1.0,3.056141526566727e-16,1.906921222411434e-96,0.25,8.279455028433745e-10,1.949882819981317e-169,5.318098676516988e-198,0.0,0.0025600000000000006,0.020833333333333332,1.1789029063236445e-125,0.000720720720720721,0.019730941704035873,0.0,0.0,0.0,0.0004096000000000002,0.0,2.3864189506114968e-166,2.949106258310907e-201,0.010582010582010581,0.02941176502152351,7.35730928833316e-134,0.0,0.0,0.15254237288135594,0.1111111111111111,0.014492753623188406,0.0,2.816999867003927e-82,0.06793478260869565,1.0177856016729858e-26,1.876848960987894e-13,0.010074074074074077,0.0,0.030188679245283026,0.9792090956072351,1.4517059850799993e-95,0.0022857142857142863,1.2713922267668197e-59,0.0,6.944211920529807e-05,0.0,1.0,6.234231896356622e-200,4.5084060067005624e-88,0.18181818181818182,2.052187821826339e-76,0.002580645161290323,0.0,0.0,0.0,2.7487790694400036e-09,0.0,8.014238496217323e-192,0.0,0.08108108108108109,0.2857142857142857,0.16666666666666666,0.0634920631558816,0.0,0.02564102564102564,0.0,0.0035555555555555557,0.0,0.4999999713668847,0.0,0.0,0.0,0.28571428572047197,2.5212246494467183e-122,2.796779865374068e-87,0.04452173913043479,0.023622047244094488,0.0,0.0,0.0,0.07142857142857142,0.0,0.010322580645161292,0.1,0.18181818181383175,0.0,0.22727272727272727,0.0,0.0,2.693158204186369e-143,1.0,1.0,0.0,5.4235411001211775e-46,0.0,0.0006068148148148149,0.0,0.0,0.0,0.0014883720930232557,0.07142857142857142,0.0,0.08000000000000002,0.0,0.0,2.446710330353082e-31,0.0,0.0,0.0,0.0,0.0,0.03333333333333333,7.536553662756747e-167,0.0,0.22916666585693837,4.691249611844273e-11,0.0,0.0,0.0,4.3980465111040064e-10,0.0,0.0,9.98891593464855e-40,0.0,0.0,1.7101565189407482e-76,0.0,0.008533333333333335,1.0,2.8596479009188844e-189,0.0,6.804018794750481e-112,0.06666666666666667,0.05714285714285715,0.0,0.0,0.0,0.6666666666666666,0.0,2.99593142857143e-06,1.0,0.0,0.0,0.0036129032258064523,0.0,0.0,2.906972631784076e-158,0.0,0.0,0.0,1.9171517629973888e-47,0.0,0.0,0.0,0.0,0.0,0.0,0.0,0.0,0.0,0.0,0.0,0.0,0.0,0.0,0.0,0.0,0.0,0.0,0.0,0.0,0.0,0.0,0.0,0.0,0.0,0.0,0.0,0.0,0.0,0.0,0.0,0.0,0.0,0.0,0.0,0.0,0.0,0.0,0.0,0.0,0.0,0.0,0.0,0.0
F4,1.8289329459200505e-197,0.0021404682274247496,2.7665028135141752e-158,1.0,3.7677849411148567e-199,1.3886328603940726e-21,0.0960960960960961,5.670105760361551e-14,0.0,1.6858135048231516e-06,6.222642053064898e-201,1.0,0.016129032213943763,0.01256544502617801,0.0011395896955503514,0.010416666666666666,0.011726384364820847,1.8244988864142538e-05,8.022736956484798e-165,0.12962962922345989,0.007155429517241378,0.7653598014888336,1.0,3.121871608065682e-23,0.0029787234042553193,1.3625063912003418e-187,0.000430613961312027,1.6965742938212283e-65,1.6832427836221422e-141,1.8794459232604547e-198,3.746223443649172e-127,2.0271313838817327e-177,0.0002814133482894,1.5165677624496573e-11,0.02040816326530612,0.0,8.6093596865358675e-193,8.796959614465984e-10,0.9619732048192771,2.775145088450145e-18,0.0,0.02112676056338028,0.0,0.0,1.3329086633138524e-162,1.5533490483194213e-200,1.9899722629997895e-22,1.4715780439795223e-159,1.2695599611212058e-201,0.0,7.99633288944997e-202,1.0,0.024271844660194174,1.5822117953291015e-127,0.0,4.140637980572422e-201,9.966803609427609e-132,0.0007227101631116688,7.616922139205211e-187,6.32411067193676e-05,5.112159385430807e-201,0.0,0.00017606602475928474,0.017921146953405017,6.02098219065421e-08,0.010000000000000002,0.0,0.0,0.0,0.0,0.0,0.0,0.00032060112711333765,7.991001814982694e-199,7.310923722479782e-22,4.228726330757208e-153,0.0,6.66519857508703e-126,1.414143890095763e-111,2.7292163075124737e-199,0.0,1.495743546902345e-51,0.0,0.0,4.178585097662426e-201,0.0,0.0,0.0,8.182429363968093e-201,0.0,0.0,2.604693137843748e-158,1.1742774171888222e-22,0.0800000000218925,1.378943167493779e-25,2.6601481043782904e-33,1.9234657017923048e-160,4.263439178815732e-17,5.085541233537174e-16,5.69380730673388e-95,0.06818181818181818,8.279455028433745e-10,0.0,0.0,0.0,0.0,0.020833333333333332,1.0,0.003603603603603604,0.011958146487294468,0.125,0.0,0.0,0.0,0.0,8.929238393219129e-202,1.4745531291554535e-201,0.005291005291005291,6.003580503114453e-201,9.535767300986086e-156,0.0,0.0,0.03389830508474576,0.0,0.10144927536231885,0.0,0.0,0.19021739130434784,3.5622496058554546e-26,5.3624256028225525e-14,0.0017777777777777779,0.0,0.0,0.0024872351421188644,2.7340634088646757e-66,0.0,2.1945405313300526e-168,0.0,1.9096582781456958e-05,0.0,5.069378464024748e-129,0.0,0.0,0.0,7.227221584848951e-185,0.006451612903225807,0.0,0.0,0.0,0.0,0.0,0.0,0.0,0.05405405405405406,0.14285714285714285,0.0,0.0317460315779408,1.6013287855103042e-28,0.02564102564102564,0.0,0.005333333333333334,0.0,5.421594424602584e-151,0.0,0.0,0.0,0.07142857143011799,0.0,0.0,0.2594782608695652,0.0,0.0,0.0,0.0,0.0,0.0,0.018924731182795702,0.0,3.587640425846979e-200,0.0,0.2727272727272727,0.0,0.0,0.0,7.899975451016198e-184,0.0,0.0,2.4272579953646895e-64,0.0,0.0006068148148148149,1.4953814952580342e-23,0.0,0.0,0.0,0.0,0.3333333333333333,0.0,0.0,0.0,1.6311402202353884e-31,1.0,0.0,0.0,3.609383090771572e-170,0.0,0.0,7.536553662756747e-167,0.0,1.5651249318451537e-200,1.1728124029610683e-10,0.0,0.0,0.0,0.0,0.0,0.0,6.049649107798581e-43,0.0,0.0,5.8248038697532845e-71,0.0,0.0,0.0,5.719295801837769e-190,0.0,0.0,0.0,0.0,0.0,0.0,0.0,0.0,0.0,5.99186285714286e-06,0.0,0.0,0.0,0.0,0.0,0.0,1.8843376143266202e-184,0.0,0.0,0.0,0.0,0.0,1.0,0.0,0.0,0.0,0.0,0.0,0.0,0.0,0.0,0.0,0.0,0.0,0.0,0.0,0.0,0.0,0.0,0.0,0.0,0.0,0.0,0.0,0.0,0.0,0.0,0.0,0.0,0.0,0.0,0.0,0.0,0.0,0.0,0.0,0.0,0.0,0.0,0.0,0.0,0.0,0.0,0.0,0.0
D4,3.521296923973021e-180,0.24642140468227425,1.053226832929939e-155,4.861923403838972e-198,2.8528433133570136e-201,7.894282699500541e-22,0.0960960960960961,2.3625440668173135e-14,4.875579231647048e-22,0.00013191490675241164,9.106305443509587e-202,3.1358874140976685e-201,4.977850118734196e-30,0.005026178010471204,0.00027050866510538643,0.203125,0.04560260586319219,9.122494432071268e-05,1.0,5.386572132094475e-182,0.9891458824827586,0.09618858560794044,4.085306018853808e-191,3.1843090402269944e-24,0.03276595744680851,3.089430746862843e-187,0.03283431455004206,1.0985318552492438e-64,1.0764622106911954e-187,1.430611540833827e-158,8.86606214996969e-126,2.1743581333278e-197,0.07409102048446974,6.066271049798629e-11,0.0,3.723636363636364e-05,2.4809428455957e-94,0.999999999120304,0.026565397590361445,1.0,0.021739130434782608,0.04225352112676056,0.9906909090909091,0.14285714285714285,6.10916470685517e-162,2.5160088814804584e-140,1.5307478946152246e-23,2.943156087959045e-160,4.3720471161111425e-199,8.357589708050144e-154,1.0177150950209069e-201,7.299341027325304e-201,0.014563106796116505,3.480865949724022e-126,0.15151515151515152,1.4713041701843906e-116,1.2174701744763658e-198,0.007949811794228356,8.160937123044489e-191,0.006387351778656129,7.668239078146188e-201,0.026785714285714284,0.9514057771664374,0.1827956989247312,9.92445545187902e-06,0.06727272727272729,0.03333333333333333,0.0,0.3333333333333333,0.0,0.0,0.0,0.000904095178459612,0.8983050850395221,6.675191224872842e-22,1.2544493635723995e-167,0.0,1.028344129320259e-121,0.028571428570959446,7.599429229037864e-199,0.0,0.0,0.0,0.0,1.790822184712469e-201,0.0,0.0,1.3714338583012493e-09,4.6756739222674634e-201,0.2222222222222222,0.020000000000000004,1.0399426670633686e-190,9.815514452200518e-24,5.134564280225506e-65,2.078259737149625e-24,2.6378289441393847e-32,3.2815126316619165e-158,1.5974705165898174e-20,0.9999999999999931,4.1153836782309274e-86,0.09090909090909091,0.0,0.0,4.3061527745076693e-200,0.03333333333333333,0.0,0.25,4.047452891255302e-124,0.9063063063063063,0.3890881913303438,0.0,0.0,0.0,0.2732416,0.0,8.12560693782941e-200,0.0,0.010582010582010581,2.61025239265845e-201,3.157679289478056e-126,0.0,0.4,0.0,0.0,0.028985507246376812,0.0,1.8779999113359528e-82,0.24728260869565216,1.0,8.043638404233826e-14,0.0,0.0,0.0060377358490566035,5.291989664082689e-05,7.258529925399996e-96,0.0,1.9543328332152205e-111,0.0,1.7360529801324509e-06,0.0,1.0138756928049496e-128,0.0,0.0,0.0,8.054015722369285e-177,0.0,0.0,6.496138035200006e-07,0.0,2.7487790694400036e-09,0.0,0.0,0.6666666666666666,0.02702702702702703,0.08333333333333333,0.0,1.20903527699913e-195,6.405315142041217e-28,0.05128205128205128,0.0,0.8435555555555556,0.10606060606060606,0.5000000286331153,0.0,0.0,0.0,0.0,1.0,2.8932205503869705e-88,0.008347826086956523,0.03937007874015748,0.0,0.0,0.006153846153846154,0.0,7.905747460161244e-14,0.9088172043010753,0.0,5.48323444226026e-28,0.0,0.09090909090909091,0.0,0.0,0.16666666664915267,7.0286318287204106e-186,0.0,0.0,1.5474172715031708e-56,0.0,0.00015170370370370373,0.0,0.0,0.0,0.0,0.0,0.0,0.0,0.0,0.0,0.0,0.0,0.0,0.0,0.0,0.25,0.2222222222222222,1.0,0.5,1.0624449955501897e-141,1.876499844737709e-10,0.0,1.0,0.0,0.0,1.0,0.0,0.0,0.0,0.9998963616744186,2.2802086919209966e-76,0.9980885333333334,0.0,2.5448329420674583e-199,0.0,0.0,0.0,0.26666666666666666,0.0,0.0,0.0,0.0,0.0,5.5063683282051315e-08,1.4979657142857149e-05,1.326364327805767e-18,0.0,0.0,0.0,0.008403361344537815,0.0,6.262695169334751e-168,0.0,0.0,0.0,0.0,0.0,0.0,0.16666666666666666,0.0,0.0,0.0,0.0,0.0,0.9093333333333333,0.3333333333333333,0.0,0.0,0.0,0.5,0.0,0.0,0.0,0.0,0.0,0.0,0.0,0.0,0.0,0.0,0.0,0.0,0.0,0.0,0.0,0.0,0.0,0.0,0.0,0.0,0.0,0.0,0.0,0.0,0.0,0.0,0.0,0.0,0.0,0.0
A4,2.386825870395546e-201,0.0034247491638795995,5.7758430962146045e-157,2.411797260843005e-196,1.7624769283366632e-200,0.6666491904199379,0.34534534534534533,3.9218231509167366e-13,1.0,5.057440514469456e-05,1.790906737223557e-200,1.5572442798120457e-35,6.925216465612888e-201,0.07522513089005237,0.002986147072599531,0.109375,0.03908794788273616,0.00017636822568671133,3.2439762476221087e-164,2.3661143960408486e-188,9.943393103448281e-05,0.0016674937965260547,1.4184369568964775e-180,1.0,0.006170212765957448,1.0,0.0009688814129520608,1.1027732909837995e-65,6.115914104356509e-201,3.0720924445827744e-201,1.0,3.204051039314975e-201,0.0004364778463264162,3.639762629879174e-10,0.15306122448979592,3.723636363636364e-05,7.43715899243068e-200,5.3966158479712564e-27,0.0003022650602409639,3.9021786286709005e-22,0.0,0.02112676056338028,0.0,0.0,4.554104599655674e-162,1.6707452571894159e-193,1.2956687536564583e-21,2.0951592401158407e-158,1.7938088775666932e-198,2.1755441620604068e-126,3.0249997862151485e-186,4.824780487470085e-200,0.1941747572815534,1.2895026131932188e-125,0.0,4.60531957864127e-149,4.696495303567767e-201,0.013972396486825599,6.371808599915505e-190,0.9453596837944664,3.3484643974571744e-199,0.0,0.0008803301237964238,0.021505376344086023,8.35105213358876e-06,0.0009090909090909093,0.0,0.0,0.0,0.0,0.2727272727272727,0.0,5.129618033813401e-05,5.419802060390802e-182,1.0,2.69865159383575e-174,0.45185185185185184,4.175950943983101e-126,4.751051010964157e-194,6.034859740893459e-201,1.0,3.589784512565631e-50,0.0,0.3333333333333333,2.629054132978739e-194,0.0009011200000000003,0.3181818181818182,2.8374493620025836e-10,8.240875287996398e-200,0.0,0.66,1.9513595323981226e-200,6.176054037339663e-24,3.209113144028492e-64,3.0822845436893406e-31,1.2369655072165935e-34,2.564620935723074e-160,5.822059798623489e-27,8.735899051474899e-18,2.1547132456626382e-97,0.045454545454545456,3.311782011373498e-09,1.1699296919887898e-168,7.433227092445468e-197,0.16666666666666666,0.94752,0.020833333333333332,5.708371967461852e-126,0.001441441441441442,0.03348281016442452,0.5,0.0,0.0,0.0,0.0,9.822162232541043e-201,7.864283355495749e-201,0.38095238095238093,0.05882353002122205,1.2471229057173561e-193,0.08333333333333333,0.0,0.423728813559322,0.25925925925925924,0.2318840579710145,0.0,8.450999601011784e-82,0.05434782608695652,9.668963215893371e-26,0.9999999999989811,0.952,0.20512820512820512,0.8762264150943396,0.0008731782945736435,5.080970947779995e-95,0.016000000000000004,0.6666666666666666,0.3181818181818182,2.604079470198676e-05,1.638400000000001e-05,1.0138756928049496e-128,1.0,1.3525218020101703e-86,0.045454545454545456,2.2759384995062567e-193,0.029677419354838717,0.0,2.469606195200002e-07,0.5,2.7487790694400036e-09,1.2905550769230775e-06,8.014238496217323e-192,0.0,0.0,0.05952380952380952,0.0,0.06349206579701233,1.6013287855103042e-28,0.05128205128205128,0.0,0.016888888888888894,0.030303030303030304,5.896816288783576e-112,0.0,0.0,8.510837770087006e-18,3.4564793780203114e-201,5.042449298893437e-122,4.050508770541764e-87,0.006956521739130436,0.10236220472440945,0.0,0.0,0.0676923076923077,0.0,0.0,0.0034408602150537643,0.0,3.587640425846979e-200,0.14285714285714285,0.0,0.2,0.0,3.4281068430330526e-43,4.5479382421131985e-186,1.014120480182586e-21,0.14285714285714285,0.0,0.0,0.0,0.0,0.0,4.53601252983365e-112,0.0014883720930232557,0.0,0.6666666666666666,0.0,0.0,0.3103448275862069,2.8544953854119323e-31,0.0,0.0,0.0,0.0,0.0,0.05555555555555555,0.0,0.0,7.85037131605079e-198,0.0,0.0,0.0,0.2727272727272727,0.0,7.361862769909979e-49,0.0,1.2099298215597163e-42,0.5,0.0,5.7005217298024916e-77,0.0,0.005688888888888889,0.0,5.719295801837769e-190,0.0,6.804018794750481e-112,0.0,0.05714285714285715,0.5,7.406438648664204e-192,0.0,0.0,8.259552492307697e-08,0.0,0.0,0.0,0.0,0.0067096774193548415,0.008403361344537815,2.6297258638562175e-49,0.0,0.0,0.0,0.0,1.0,5.379687246014445e-81,0.0,0.16666666666666666,0.0,0.002206896551724138,0.0,0.0,0.0,0.0,0.0,0.0,0.0,0.0,0.0,0.3333333333333333,0.0,0.0,0.0,0.0,0.3333333333333333,0.5,0.0,0.0,0.0,0.0,0.0,0.0,0.0,0.0,0.0,0.0,0.0,0.0,0.0,0.0,0.0,0.0,0.0,0.0,0.0,0.0,0.0,0.0,0.0
C4,7.269715118243602e-199,0.0019264214046822744,3.9982507281724345e-155,2.674261354966293e-201,9.428888917027444e-202,1.0462302372832052e-22,0.06006006006006006,4.725088133634628e-15,0.0,4.214533762057879e-06,9.106305443509587e-202,1.881532448458599e-201,7.063082568403951e-173,0.0013961605584642237,5.371803278688526e-05,0.057291666666666664,0.0026058631921824105,6.0816629547141816e-06,1.4301400661559824e-164,0.8703703707765401,0.0024670631724137936,0.1193151364764268,3.621682115654765e-201,2.809684447259114e-24,0.011276595744680852,3.753627213572594e-170,0.0022607232968881417,2.2442496830453934e-64,2.8759211174691115e-185,1.0,1.5609264348538207e-127,1.0,0.8869428197526907,3.0331355248993146e-11,0.01020408163265306,0.0,0.5416666647622925,1.7337868715724055e-19,0.0005921927710843376,5.481631883132928e-21,0.08695652173913043,0.04929577464788732,0.0,0.0,6.664543316569262e-163,0.02083333318956518,1.4159759709988725e-21,7.452101558824007e-155,1.2695599611212058e-201,0.0,2.9077574143454483e-202,9.145700676280955e-200,0.009708737864077669,3.955529488322754e-127,0.0,0.029411764580046858,1.0,0.0,6.2776439408034486e-192,6.32411067193676e-05,2.5560796927154036e-201,0.08928571428571429,0.0019367262723521323,0.15053763440860216,0.500002599624057,0.023181818181818185,0.0,0.0,0.0,0.0,0.0,0.0,0.917162680025047,0.10169491496047797,9.535987464104058e-23,1.0,0.0,8.439319315422574e-120,0.11428571428383778,3.819937814714477e-201,0.0,0.0,0.0,0.0,2.9847036411874563e-202,0.0,0.022727272727272728,4.2561740430038743e-10,3.896394935222889e-202,0.0,0.0,1.7387503865184402e-200,1.687386192344588e-23,2.623479624864219e-181,1.0,0.9999999999999981,2.0837545102749987e-159,7.950969685167483e-22,4.94489380617052e-15,3.3193261356877426e-95,0.022727272727272728,0.0,0.0,0.0,0.0,0.0,0.19444444444444445,1.1168553849381884e-126,0.006486486486486488,0.004783258594917788,0.0,0.0,0.0,0.72,0.0,4.464619196609564e-202,0.0,0.0,0.20588235514691158,3.340149451078275e-75,0.0,0.2,0.0,0.0,0.0,0.0,0.0,0.051630434782608696,8.142284813383886e-26,2.6812128014112763e-14,0.0005925925925925927,0.0,0.0,2.6459948320413447e-05,0.0,0.0022857142857142863,6.732965842214408e-143,0.0,1.7360529801324509e-06,0.0,0.0,0.0,0.0,0.0,7.543327695667897e-179,0.0,0.0,0.0,0.0,0.0,0.0,0.0,0.0,0.0,0.011904761904761904,0.0,0.0158730157889704,1.0,0.0,0.0,0.09866666666666665,0.015151515151515152,1.9557342838046004e-194,0.0,0.0,0.0,0.214285714320512,0.0,0.0,0.020869565217391306,0.0,0.0,0.0,0.0,0.21428571428571427,0.0,0.037849462365591405,0.3,0.09090909090691587,0.0,0.045454545454545456,0.0,1.0,0.08333333333927558,2.480693586607207e-186,0.0,0.0,2.4272579953646895e-64,0.0,0.0,0.0,0.0,0.0,0.0014883720930232557,0.0,0.0,0.0,0.0,0.0,0.0,0.0,0.0,0.0,0.0,0.0,0.011111111111111112,0.0,0.0,0.02083333327312097,0.0,0.0,0.0,0.0,0.0,0.0,0.0,1.0995116277760014e-08,0.0,1.2192744186046518e-05,1.0663883335824454e-59,0.0013653333333333338,0.0014222222222222223,0.0,0.0,0.0,0.0,0.0,0.0,0.0,0.0,0.0,0.0,0.0,2.99593142857143e-06,4.4212144260192225e-19,0.0,0.0,0.0,0.0,0.0,0.15384615386148734,0.0,0.0,0.0,0.0,0.0,0.0,0.0,0.0,0.0,0.0,0.0,0.0,0.0,0.0,0.0,0.0,0.0,0.0,0.0,0.0,0.0,0.0,0.0,0.0,0.0,0.0,0.0,0.0,0.0,0.0,0.0,0.0,0.0,0.0,0.0,1.0,0.0,0.0,0.0,0.0,0.03200000000000001,0.0,0.0,0.0,0.0,0.0,0.0,1.0
REST,3.428058632648626e-201,0.00021404682274247497,8.791331162945033e-158,1.6217816560820732e-200,2.7803133986106505e-201,7.038276141723383e-22,0.006006006006006006,7.087632200451938e-15,1.0563755001901937e-21,0.0006343926945337622,2.2765763608773968e-201,9.490481832973038e-201,5.485451872920009e-200,0.0016753926701570682,3.837002341920376e-05,0.010416666666666666,0.0026058631921824105,3.162464736451375e-05,5.650797334567548e-164,4.545703492594486e-199,0.00015932027586206904,0.002699751861042185,2.371173981123008e-199,2.435059854291233e-24,0.013617021276595746,7.419197609606208e-191,0.006620689655172414,9.755302189472076e-65,5.0816460835511e-199,5.760669128594041e-200,1.717019078339206e-126,5.92818563196825e-200,0.0002124957936062816,1.5165677624496573e-11,0.01020408163265306,0.00014894545454545457,5.147715447643824e-186,4.474393767401182e-23,0.00014187951807228917,5.422634658628027e-21,0.08695652173913043,0.176056338028169,0.0,0.07142857142857142,2.8324309095419483e-162,4.091959060648315e-200,3.444182762884256e-23,2.943156087959045e-160,5.078239844484823e-201,2.3020692732518062e-201,3.4893088972145354e-201,1.2129468769442627e-201,0.0970873786407767,9.493270771974594e-127,0.06060606060606061,4.026800832653849e-196,4.232347810062938e-200,0.00032120451693851945,2.824939773361565e-191,0.002213438735177866,5.112159385430807e-201,0.03571428571428571,0.005017881705639615,0.053763440860215055,6.451594650506644e-07,0.011363636363636364,0.03333333333333333,0.0,0.0,0.0,0.0,0.2413793103448276,0.08072135253600501,2.6385963913119992e-199,3.814394985641623e-22,5.589721836817765e-173,0.022222222222222223,2.6796818761064183e-126,4.372737414266258e-177,2.054420337325432e-201,0.0,1.495743546902345e-51,0.0,0.0,2.387762912949965e-201,0.0003276800000000002,0.0,9.458164540008608e-11,6.234231896356623e-201,0.0,0.020000000000000004,4.503048830200638e-201,2.867453660193413e-24,8.305855478854742e-191,6.1704004365153844e-30,7.099106389243061e-34,1.9234657017923048e-160,1.433266653593933e-26,4.4445802191714385e-18,1.0989037552879461e-96,0.0,5.519636685622495e-10,1.949882819981317e-169,4.3061527745076693e-200,0.0,0.0025600000000000006,0.0763888888888889,2.481900855418204e-126,0.00936936936936937,0.0071748878923766825,0.0625,0.0,0.0,0.0004096000000000002,0.125,4.464619196609564e-202,0.0,0.010582010582010581,3.13230287119015e-201,3.363479932871781e-201,0.0,0.1,0.0,0.0,0.0,5.616655555656415e-45,4.694999778339882e-83,0.043478260869565216,2.544464004182464e-25,2.6812128014112763e-14,0.0023703703703703708,0.0,0.0,0.00047627906976744185,0.0,0.0,2.356309508169734e-176,0.0,6.944211920529803e-06,1.638400000000001e-05,7.604067696037114e-129,4.870493669028611e-202,0.0,0.0,3.663277289525798e-201,0.0012903225806451615,0.0,0.0,0.0,0.0,0.0,0.0,0.3333333333333333,0.02702702702702703,0.03571428571428571,0.0,7.576323485155624e-201,3.2026575710206084e-28,0.05128205128205128,0.0,0.0,0.045454545454545456,8.621769360405708e-179,0.0,0.0,0.0,3.4564793780203114e-201,8.40408216482241e-123,1.9288137002579835e-88,0.00973913043478261,0.007874015748031496,0.1,0.0,0.0,0.0,3.952873730080622e-14,0.012043010752688176,0.0,4.783520567795956e-200,0.0,0.0,0.0,0.0,0.0,5.374836104315619e-186,0.0,0.0,0.0,0.0,0.0,0.0,0.0,0.0,0.0,0.0,0.0,0.0,0.0,0.0,1.223355165176541e-31,0.0,0.0,0.0,7.218766181543144e-170,0.0,0.0,0.0,0.0,2.3367578594816443e-198,9.382499223688546e-11,0.0,0.0,0.09090909090909091,0.0,0.0,0.0,1.2099298215597163e-42,0.0,6.096372093023259e-06,5.7005217298024916e-77,0.0,0.0,0.0,0.0,0.0,0.0,0.06666666666666667,0.0,0.0,0.0,0.5,0.0,2.7531841641025657e-08,0.0,0.0,1.3421772800000013e-08,0.0,0.0010322580645161293,0.01680672268907563,3.287157329820272e-50,0.0,0.0,0.0,0.0,0.0,0.0,0.0,0.0,0.0,0.9492413793103448,0.0,0.0,0.0,0.0,0.0,0.0,0.0,0.0,0.0,0.0,0.0,0.0,0.0,0.0,0.0,0.0,0.0,0.0,0.0,0.0,0.0,0.0,0.0,0.0,0.00036408888888888897,5.368709120000005e-07,0.0,0.0,0.0,0.0,0.9786666666666667,0.0,0.0,0.0,0.0,0.0,0.0,0.0,0.0
C5,1.9222758687749343e-202,0.00021404682274247497,1.8443352090094538e-159,2.2709997220745442e-201,3.244189591923622e-130,1.1032973411350159e-21,0.036036036036036036,3.307561693544239e-14,5.391578033663027e-20,3.0344643086816742e-05,1.107933828960335e-200,1.9605858616983613e-200,1.1553597136790663e-201,0.0076788830715532296,4.7962529274004696e-05,0.0,0.0013029315960912053,0.0,3.488146502819475e-166,9.777910917746631e-203,4.5197241379310365e-06,0.0009131513647642681,2.546495237569753e-201,5.057432005066404e-24,0.00042553191489361707,3.3362558844053663e-192,0.0,0.0,1.5821074030706235e-202,2.094608484942804e-202,0.0,1.2979724513556278e-200,9.189007291082448e-05,0.0,0.0,0.0,1.204054942891464e-75,4.02113006718622e-17,2.467469879518073e-05,1.858180299367096e-23,0.0,0.0,0.0,0.0,5.553786097141059e-164,0.6874999986948113,3.8539100049453636e-17,1.8639988557073922e-159,2.0947739358499882e-200,7.534044894278656e-201,1.0177150950209069e-201,2.1876363316316058e-201,0.02912621359223301,6.328847181316406e-127,0.0,4.907747951298522e-09,9.827014903140724e-199,0.04808030112923464,6.59152613784364e-191,0.0,6.390199231788507e-200,0.0,0.0,0.007168458781362007,8.36247526479752e-10,0.0,0.0,0.0,0.0,0.0,0.0,0.0,2.5648090169067006e-05,2.7644700907799187e-202,4.450127483248559e-22,3.805790709255532e-175,0.0,4.080733821481865e-128,0.05714285713401079,7.383073087263284e-202,2.5819484510513208e-200,3.7393588672558624e-50,0.7142857142857143,0.0,1.4799386472366873e-158,0.0,0.07954545454545454,0.0,1.0,0.0,0.0,1.3087643886598523e-200,5.2937606034339956e-24,6.145193434413677e-128,4.1652493833639744e-32,1.7339623030732659e-15,2.0837545102749987e-159,7.228558390315407e-25,2.605443576755672e-18,1.4005636096807154e-97,0.0,3.0358001770923726e-09,0.0,2.5406301369595294e-198,0.0,0.0,0.0,4.963801710836407e-127,0.0,0.0005979073243647235,0.0,0.0,0.0,0.0,0.0,8.361916943113567e-192,1.0,0.0,0.08823529508639551,0.07692307692379866,0.0,0.0,0.0,0.0,0.0,1.0,0.0,0.0,0.0,0.0,0.0029629629629629632,0.05128205128205128,0.0030188679245283017,0.016530852713178296,0.0,0.8537142857142856,4.20811924375609e-142,0.0,7.81223841059603e-05,0.0,0.0,5.942002276214912e-200,2.2542030033502812e-88,0.0,2.514268836015793e-40,0.8761290322580645,0.13333333333333333,0.0,0.0,0.0,0.9999883850043076,1.0,0.0,0.24324324324324326,0.0,0.0,0.11111111052100564,0.0,0.20512820512820512,3.3196124551048467e-121,0.013333333333333336,0.0,2.6190531987454194e-191,0.0,0.0016000000000000003,3.8685626227668214e-19,0.14285714280842604,8.40408216482241e-123,9.644068501289916e-88,0.03200000000000001,0.0,0.0,0.0,0.0,0.0,0.0,0.0017204301075268822,0.0,4.542742026847593e-90,0.0,0.2727272727272727,0.0,0.0,1.033498576693635e-89,2.8114527314881642e-185,0.0,0.0,9.683532523995799e-59,0.0,0.00015170370370370373,2.4518337303813053e-22,1.0,0.0,0.0,0.07142857142857142,0.0,0.0,0.0,0.0,1.0,0.0,0.0,2.4876184998785664e-131,1.0,0.0,0.0,0.0,0.0,0.6250000047909303,0.9999999992728563,0.0,0.0,0.0,0.0,0.0,0.25,0.0,0.0,0.0,0.0,0.0,0.9758222222222223,0.0,4.575436641470215e-189,0.0,1.0,0.0,0.0,0.0,1.0,0.0,0.0,0.0,0.0,5.084396589922111e-18,0.0,0.0,0.0,0.0,0.0,0.6923076922882843,0.0,0.0,0.0,5.75145528899217e-47,0.0,0.0,0.0,0.0,0.0,0.0,0.0,0.0,0.0,0.0,0.0,0.0,0.0,0.0,0.0,0.0,0.0,0.0,0.0,0.0,0.5,0.0,0.0,0.0,0.0,0.0,0.0,0.0,0.0,0.9985436444444444,0.999999463129088,0.0,0.0,0.0,0.0,0.0,0.0,0.0,0.0,0.0,0.0,0.0,0.0,4.0216421182703513e-178
B4,4.759139709015392e-197,0.0,1.6599016881085067e-158,8.595840069534502e-202,6.306205429401204e-181,2.6214369154966263e-05,0.03003003003003003,7.796395420497134e-14,3.9403821902767505e-19,6.996126045016082e-05,3.642522177403835e-201,1.8962599660245636e-200,1.7505450207258506e-203,0.0,0.0,0.020833333333333332,0.0026058631921824105,2.554298440979956e-05,5.929849054793106e-165,2.030796882916612e-202,7.909517241379314e-06,0.0,1.9806074069986962e-202,4.370620251291957e-25,0.0019148936170212765,6.513642440981919e-192,0.00016148023549201015,1.6965742938212285e-66,1.8985288836847462e-202,3.1419127274142037e-202,5.619335165473766e-127,1.8484909842201713e-202,9.189007291082448e-05,1.5165677624496573e-11,0.04081632653061224,0.00013032727272727272,9.751158041546031e-23,3.3209943679823135e-28,6.168674698795183e-06,6.503631047784833e-23,0.0,0.0,0.0,0.07142857142857142,3.887650267998745e-163,0.06249999957404724,1.4121491012623356e-21,3.1595543700036295e-151,7.363447774502985e-200,6.278370745232189e-201,1.1921805398816319e-200,6.281332041318491e-202,0.23300970873786409,7.911058976645508e-126,0.0,0.058823524213707255,5.95426282942968e-93,0.00016060225846925973,9.41646591120519e-191,0.0025928853754940717,1.0,0.0,8.803301237964237e-05,0.010752688172043012,0.00013762643624752653,0.00045454545454545465,0.0,0.36363636363636365,0.0,0.0,0.0,0.0,6.4120225422667514e-06,2.764470090779919e-203,1.2714649952138733e-21,1.3839238942747398e-175,0.05925925925925926,5.440978428642477e-128,0.028571428570959446,1.0593104864334262e-201,3.8729226765769707e-200,7.777866443892201e-50,0.0,0.5,1.0,0.0001638400000000001,0.3181818181818182,4.729082270004304e-11,7.013510883401199e-201,0.0,0.04000000000000001,1.0850720072772624e-203,1.5440135093349157e-24,0.2800000000114675,0.0,3.9048904979320525e-23,3.8812445033512017e-153,0.0,0.0,7.541496359819241e-98,0.0,4.6916911827791195e-09,2.7298359479738456e-168,1.0,0.5,0.020480000000000005,0.0,4.963801710836407e-127,0.0,0.001195814648729447,0.0,0.0,0.0,0.0004096000000000002,0.125,4.183101069751473e-180,6.291426684396599e-200,0.021164021164021163,0.08823529506081754,0.6153846153810067,0.0,0.0,0.03389830508474576,0.0,0.07246376811594203,9.033454352014067e-44,1.0,0.008152173913043478,1.0177856016729858e-26,5.630546882963684e-13,0.015407407407407408,0.28205128205128205,0.021132075471698118,7.937984496124033e-05,1.4517059850799992e-94,0.03885714285714286,7.598495438366913e-77,0.36363636363636365,3.8193165562913915e-05,3.276800000000002e-05,5.069378464024748e-129,1.6559678474697267e-200,4.508406006700562e-87,0.0,0.49999997127305973,0.029677419354838717,0.8,0.0,0.1,0.0,0.0,1.2021357744325963e-191,0.0,0.21621621621621623,0.0,0.8333333333333334,0.1269841236688453,0.0,0.1282051282051282,0.0,0.006222222222222223,0.030303030303030304,2.7779852778904013e-200,0.0,0.0016000000000000003,3.8685626227668214e-19,0.07142857143011799,1.3446531463715855e-121,1.0,0.0013913043478260873,0.0,0.1,0.0,0.024615384615384615,0.2857142857142857,0.0,0.0,0.1,0.09090909090691587,0.14285714285714285,0.0,0.0,0.0,9.919500401959566e-175,0.0,0.0,0.2857142857142857,0.0,0.0,0.0,0.0,0.0,0.0,0.0,0.0,0.0,0.0,0.0,0.5862068965517241,0.0,0.0,0.0,0.0,0.0,0.0,0.0,0.0,0.0,0.020833333259524835,1.6419373641454954e-10,0.0,0.0,0.6363636363636364,0.0,0.0,0.0,0.9999999890048837,0.0,6.096372093023259e-06,0.0,0.0,0.005688888888888889,0.0,0.0,6.871947673600008e-09,6.804018794750481e-112,0.06666666666666667,0.7142857142857142,0.25,0.0,0.0,0.0,2.7531841641025657e-08,7.489828571428574e-05,0.0,6.039797760000007e-08,5.370873400391758e-156,0.0036129032258064523,0.03361344537815126,4.9307359947304025e-50,5.3329128861707466e-152,0.0,0.0,0.0,0.0,0.0,0.0,0.16666666666666666,0.0,0.0,0.0,0.0,0.0,0.0,0.0,0.0,0.0,0.0,0.0,0.0,0.11733333333333337,0.0,0.0,1.0,0.16666666666666666,0.0,0.0,0.0,0.8181818181818182,0.0,0.0,0.0,0.0,0.0,0.0,0.0,0.0,0.0,0.0,0.0,0.0,0.0,0.0,0.0,1.0,1.0,0.0,0.0,0.0
D5,1.7620862130436942e-202,0.0,1.2295568060062988e-159,1.273457788079189e-202,3.1429629723424703e-202,2.853355192590559e-22,0.018018018018018018,4.488833726952897e-14,5.769435424115679e-21,5.226021864951771e-05,2.5801198756610593e-201,4.824442175534878e-203,1.9255995227984364e-202,0.0,0.0,0.015625,0.0026058631921824105,2.4326651818856727e-06,1.0464439508458399e-165,5.265028955709716e-203,7.909517241379314e-06,0.0,1.131775661142114e-202,1.2487486432262733e-25,0.0006382978723404256,2.0653012617747505e-192,0.00010765349032800675,2.1207178672765354e-66,4.2189530748549943e-203,4.6546855220951114e-203,9.36555860912293e-128,0.0,1.148625911385306e-05,0.0,0.0,0.0,1.1308267267088431e-179,8.302485919955784e-29,0.0,9.29090149683548e-24,0.0,0.0,0.0,0.0,0.0,1.1197110367836467e-187,0.0,2.35198026666618e-157,1.7093831401521287e-198,2.1264658321506154e-182,1.526572642531362e-201,6.497929697915665e-203,0.009708737864077669,2.355913363245026e-124,0.0,2.4362417794361523e-182,2.3525510989160488e-203,0.0,9.416465911205192e-192,0.0007588932806324113,2.044863754172323e-200,0.0,0.0,0.0,0.0,0.0,0.0,0.0,0.0,0.0,0.0,0.0,2.5648090169067006e-05,0.0,3.1786624880346837e-23,1.0379429207060561e-175,0.0,4.080733821481865e-128,1.551958074550061e-92,0.0,1.2909742255256604e-200,1.0,0.0,0.0,1.0562847901142528e-191,0.0,0.06818181818181818,0.0,1.1689184805668659e-201,0.0,0.0,2.170144014554525e-202,5.514333961910409e-25,0.15999999999166,1.6660997533455897e-32,0.0,0.0,1.1149487775915446e-29,1.5326138686798069e-19,2.1547132456626386e-98,0.0,1.904274656539761e-08,0.18181818181818182,1.4245420990498826e-193,0.18333333333333332,0.0025600000000000006,0.0,1.2409504277091018e-127,0.0,0.0,0.0,0.0,0.0,0.003072000000000001,0.0,1.0,3.0602507004210015e-198,0.0,0.02941176502152351,1.3815021559309119e-158,0.0,0.0,0.0,0.0,0.0,0.0,2.816999867003927e-82,0.005434782608695652,0.0,2.6812128014112763e-14,0.0023703703703703708,0.28205128205128205,0.015094339622641513,0.00021167958656330757,1.4517059850799993e-95,0.02285714285714286,2.838629261916276e-141,0.09090909090909091,0.9997430641589404,0.99983616,0.0,1.4124431640182979e-200,2.7050436040203406e-87,0.0,1.0023754051544651e-166,0.03612903225806452,0.0,0.0,0.0,0.0,2.581110153846155e-06,2.003559624054331e-191,0.0,0.21621621621621623,0.0,0.0,0.0,0.0,0.23076923076923078,0.0,0.004444444444444445,0.0,1.4661965651674596e-168,0.0,0.0,1.9342813113834107e-19,2.2575905854464947e-195,3.277592044280731e-121,2.8932205503869705e-88,0.008347826086956523,0.0,0.0,0.0,0.0,0.0,0.0,0.0,0.1,4.219641259921433e-180,0.0,0.045454545454545456,0.4,0.0,8.333955833671192e-200,5.374836104315619e-186,0.0,0.14285714285714285,1.0,0.0,0.0,0.0,1.168919089232994e-140,0.0,0.0029767441860465114,0.14285714285714285,0.0,0.0,0.0,0.06896551724137931,1.223355165176541e-31,0.0,0.0,1.0,1.804691545385786e-169,0.0,0.0,0.0,0.0,0.0,1.1728124029610683e-10,0.0071111111111111115,0.0,0.0,0.9999999995601954,0.0,0.625,1.4965676332640747e-34,0.0,0.0,0.0,0.0,0.0028444444444444446,0.0,1.0,0.0,2.268006264916825e-112,0.06666666666666667,0.0,0.0,0.0,0.0,0.0,1.376592082051283e-07,0.0,0.0,7.381975040000009e-08,1.0,0.9535483870967743,0.44537815126050423,1.0,0.07692307691948468,0.8,0.0,0.0,1.9171517629973888e-47,1.0,0.0,0.0,0.0,0.0,0.0,0.0,0.0,0.010666666666666668,0.0,0.0,0.0,0.0,0.0,0.0,0.8826666666666667,0.0,1.0,0.0,0.0,0.0,0.0,0.999999984292691,0.0,0.0,0.0,0.0,0.0,0.0,0.0007281777777777779,0.0,0.0,0.0,0.0,0.0,0.0,0.0,0.0,0.0,0.0,0.0,0.0,0.0,0.0
C#4,1.6018965573124497e-203,0.0,3.6886704180189076e-159,1.0612148233993202e-202,9.670655299515302e-203,1.5217894360482978e-22,0.024024024024024024,4.725088133634628e-15,1.6251930772156827e-22,0.0,0.0,1.3553290794517297e-199,0.0,0.0,0.0,0.015625,0.0,1.3379658500371204e-05,1.6969832736216725e-162,1.051083637713671e-200,4.745710344827587e-05,0.0001985111662531018,0.0,6.243743216131366e-26,0.009574468085106383,1.1382176781140434e-190,0.8815811606391926,4.877651094736038e-65,1.4028018973892796e-201,1.2684018047709233e-201,8.116817461239886e-127,7.393963936880685e-202,0.006575814972090912,0.0,0.0,9.309090909090912e-05,8.97421050668167e-202,4.8984666927739106e-27,0.00011103614457831328,6.596540062753182e-22,0.0,0.04929577464788732,0.0,0.07142857142857142,2.776893048570529e-163,3.040459514361689e-202,3.8268697365380615e-24,0.0,0.0,0.0,4.361636121518169e-202,2.382574222569084e-202,0.038834951456310676,1.740432974862011e-126,0.12121212121212122,1.6752199463384617e-201,3.0058356105129716e-199,0.0005621079046424091,3.1388219704017243e-192,0.00037944664031620563,0.0,0.1875,0.02059972489683632,0.23655913978494625,7.526227738317763e-09,0.02818181818181819,0.06666666666666667,0.0,0.0,0.0,0.0,0.2413793103448276,9.618033813400129e-05,9.675645317729715e-203,7.628789971283246e-22,8.303543365648449e-175,0.014814814814814815,0.0,3.7584804461253974e-202,2.247022243949691e-202,0.0,0.0,0.0,0.0,0.0,0.0,0.0,9.458164540008608e-11,0.0,0.1111111111111111,0.0,2.1701440145545248e-203,1.1028667923820819e-25,0.0,4.1652493833639744e-32,5.378110900941711e-36,0.0,1.1149487775915446e-29,0.0,6.464139736987923e-98,0.0,0.0,0.0,0.0,0.0,0.0,0.24305555555555555,3.102376069272754e-126,0.028108108108108112,0.08191330343796711,0.0,0.0,0.0,0.0,0.0,0.0,0.0,0.005291005291005291,0.0,0.07692307692379866,0.0,0.0,0.05084745762711865,0.0,0.0,0.0,0.0,0.04076086956521739,7.938727693049299e-25,2.6812128014112763e-14,0.0,0.0,0.009056603773584906,0.0,0.0,0.0,0.0,0.0,0.0,0.0,0.0,0.0,0.0,0.0,7.038832886001242e-185,0.0,0.0,0.0,0.0,2.7487790694400036e-09,0.0,0.0,0.0,0.0,0.0,0.0,0.0,9.607972713061822e-28,0.0,0.0,0.0,0.30303030303030304,0.0,0.0,0.0,0.0,0.0,1.680816432964482e-122,0.0,0.0,0.03937007874015748,0.1,0.0,0.0,0.0,2.635249153387082e-14,0.0,0.1,1.716742000649428e-196,0.0,0.0,0.0,0.0,0.0,0.0,0.0,0.14285714285714285,0.0,0.0,0.9962074074074074,0.0,0.0,0.0,0.0,0.0,0.0,0.0,0.0,0.0,0.0,0.0,0.5,0.0,0.0,0.5,0.18888888888888888,3.7682768313783734e-167,0.0,5.4894027668221794e-55,0.0,0.0,0.0,0.0,0.0,0.0,0.0,0.0,0.0,6.706009302325583e-05,0.0,0.0,0.0,0.0,0.0,0.0,0.0,0.0,0.0,0.0,0.0,0.0,0.0,0.0,0.0,0.0,0.0,0.0,0.0,0.0,0.0,0.07692307693074367,0.0,0.0,0.0,0.0,0.0,0.0,0.0,0.0,0.0,0.0,0.0,0.0,0.0,0.3333333333333333,0.0,0.0,0.0,0.0,0.0,0.0,0.0,0.0,0.0,0.0,0.0,0.0,0.0,0.0,0.0,0.0,0.0,0.0,0.0,0.0,0.0,0.0,0.0,0.0,0.0,0.0,0.0,0.0,0.0,0.0,0.0,0.5,0.0,0.0
G#4,0.0,0.0,2.0902465702107153e-158,7.428503763795266e-203,3.8682621198061206e-202,3.233802551602636e-22,0.006006006006006006,1.4175264400903877e-14,8.125965386078412e-22,0.0,6.070870295673086e-202,2.2514063485829496e-202,0.0,0.0002792321116928447,1.918501170960188e-06,0.010416666666666666,0.003908794788273616,1.459599109131403e-05,4.53459045366532e-165,3.7607349683640846e-203,1.1299310344827591e-06,3.970223325062035e-05,7.073597882138211e-203,3.7462459296788186e-25,0.0,3.1773865565765396e-193,0.0,0.0,5.273691343568742e-203,1.6291399327332958e-202,1.9355487792187423e-126,2.4646546456269073e-202,5.74312955692653e-05,3.1847923011442834e-10,0.29591836734693877,0.0003351272727272729,3.3534311389728466e-173,1.6604971839911568e-28,2.467469879518073e-05,0.0,0.0,0.007042253521126761,0.0,0.0,1.555060107199498e-162,0.0,0.0,0.0,1.9043399416818046e-201,0.0,4.797799733669981e-201,6.7145273545128825e-202,0.06796116504854369,9.493270771974594e-127,0.0,4.744083986990074e-136,0.0,8.030112923462986e-05,9.416465911205192e-192,0.0002529644268774704,1.7892557849007766e-200,0.0,0.00017606602475928474,0.007168458781362007,1.0259912861538468e-06,0.0,0.0,0.0,0.0,0.0,0.0,0.034482758620689655,0.0,0.0,7.946656220086708e-22,0.0,0.05185185185185185,0.0,1.5398553899471627e-141,1.284012710828395e-202,9.682306691442427e-201,0.0,0.0,0.0,0.0,0.0003276800000000002,0.022727272727272728,1.8916329080017215e-10,1.9481974676114444e-201,0.4444444444444444,0.12,0.0,5.514333961910409e-25,1.4716465128227063e-195,0.0,0.0,0.0,0.0,0.0,2.1547132456626386e-98,0.0,0.0,0.0,0.0,0.0,0.008960000000000001,0.013888888888888888,1.6132355560218264e-126,0.0,0.001195814648729447,0.125,1.0,0.0,0.0,0.0,0.0,0.0,0.05291005291005291,0.0,0.0,0.0,0.0,0.06779661016949153,0.37037037037037035,0.18840579710144928,0.0,0.0,0.0,0.0,0.0,0.0,0.0,0.009056603773584906,0.0,0.0,0.0,1.095790570214117e-184,0.0,0.0,0.0,2.534689232012374e-129,9.740987338057222e-202,3.372095733537513e-84,0.0,1.6265559733288187e-195,0.0,0.0,0.0,0.0,5.497558138880007e-09,0.0,0.0,0.0,0.0,0.0,0.0,0.0,0.0,0.0,0.0,0.0,0.0,0.0,0.0,0.0,0.0,0.0,8.40408216482241e-123,9.644068501289917e-89,0.0,0.031496062992125984,0.0,0.0,0.024615384615384615,0.14285714285714285,0.0,0.0,0.3,0.0,0.0,0.0,0.0,0.0,0.0,0.0,0.0,0.0,0.0,1.0,0.00015170370370370373,0.0,0.0,0.0,0.0,0.0,0.0,0.0,0.0,0.0,0.0,0.0,0.0,0.0,0.0,0.0,0.0,0.0,0.0,0.0,0.0,0.0,0.0,0.0,0.0,0.0,0.0,0.0,0.0,0.0,0.0,0.0,0.0,0.0,0.0,0.0,0.0,0.0,0.0,0.0,0.0,0.0,0.0,0.0,0.0,0.0,0.0,0.0,0.0005161290322580646,0.0,0.0,0.0,0.0,0.0,0.0,0.0,5.379687246014445e-81,0.0,0.0,0.0,0.0,0.0,0.0,0.0,0.0,0.0,0.0,0.0,0.0,0.0,0.0,0.0,0.0,0.0,0.0,0.0,0.0,0.0,0.0,0.0,0.0,0.0,0.0,0.0,0.0,0.0,0.0,0.0,0.0,0.0,0.0,0.0,0.0,0.0,0.0,0.0,0.0,0.0,0.0,0.0
F5,0.0,0.0,6.147784030031494e-160,0.0,7.252991474636483e-203,0.0,0.0,0.0,0.0,0.0,0.0,1.6081473918449578e-203,0.0,0.0,0.0,0.0,0.0,0.0,0.0,0.0,0.0,0.0,0.0,0.0,0.0,0.0,0.0,0.0,0.0,0.0,0.0,0.0,0.0,0.0,0.0,0.0,1.1824173293831886e-200,1.6604971839911568e-28,0.0,0.0,0.0,0.0,0.0,0.0,0.0,0.0,9.507379501711749e-22,4.905260146598397e-161,0.0,4.253044878164057e-94,0.0,0.0,0.0,0.0,0.0,0.0,0.0,0.0,0.0,0.0,0.0,0.0,0.0,0.0,0.0,0.0,0.0,0.0,0.0,0.0,0.0,0.0,0.0,0.0,0.0,0.0,0.0,0.0,3.0754867432410627e-198,0.0,0.0,0.0,0.0,0.0,2.9847036411874563e-202,0.0,0.0,0.0,0.0,0.0,0.0,1.0850720072772624e-203,0.0,0.0,0.0,1.6379684482449186e-23,0.0,0.0,0.0,0.0,0.0,3.5877638456546213e-09,0.0,1.2918458323523061e-199,0.0,0.0,0.0,0.0,0.0,0.0,0.0,0.0,0.0,0.0,0.0,0.0,5.4066948069033325e-201,0.0,0.0,0.07692307692379866,0.0,0.0,0.0,0.0,0.0,0.0,0.0,0.0,0.0,0.0,0.0005925925925925927,0.0,0.0,0.0,1.9239260838222056e-75,0.0,0.0,0.0,3.4721059602649017e-06,0.0,0.0,0.0,0.0,0.0,2.5460068553361268e-127,0.0,0.0,0.0,0.0,0.0,0.0,0.0,0.0,0.0,0.0,0.0,0.0,0.0,0.0,0.0,0.0,0.0,1.4617971017100345e-192,0.0,0.0,0.0,0.0,0.0,0.0,0.0013913043478260873,0.0,0.0,0.0,0.0,0.0,0.0,0.0,0.0,0.0,0.0,0.0,0.0,0.0,0.08333333333927558,0.0,0.0,0.0,0.0,0.0,0.0,0.0,0.0,1.81440501193346e-111,0.33869767441860466,0.07142857142857142,0.0,0.08000000000000002,0.5,0.0,0.0,0.0,0.0,0.0,0.0,0.0,0.0,0.0,0.0,0.0,0.0,0.9928888888888889,0.0,0.0,0.0,0.0,0.0,0.0,0.0,0.0,0.0,0.0,0.0,0.0,0.0,0.0,0.0,0.2,0.0,0.0,0.0,0.0,0.0,0.0,0.0,0.0,0.0,0.0,0.0,0.0,0.0,5.928590491800555e-55,0.0,0.0,0.0,0.0,0.0,0.0,0.0,0.0,0.0,0.0,1.0,0.0,0.0,0.0,0.0,0.0,0.0,0.5,0.0,0.0,0.0,0.0,0.0,0.0,0.0,0.0,0.0,0.0,0.0,0.0,0.0,0.0,0.992,0.00018204444444444448,0.0,0.0,1.0,1.0,0.0,0.0,0.968,0.0,0.0,0.0,0.0,0.0,0.0,2.1849749693661056e-163
C#5,0.0,0.0,6.147784030031494e-160,0.0,4.835327649757651e-203,4.75559198765093e-23,0.006006006006006006,0.0,1.415746319389511e-19,1.1800694533762064e-05,1.2141740591346173e-201,3.2162947836899157e-203,0.0,0.0,0.0,0.0,0.0,3.6489977728285076e-06,6.97629300563895e-166,7.52146993672817e-204,0.0,3.970223325062035e-05,0.0,0.0,0.0,1.5886932782882698e-193,5.3826745164003374e-05,0.0,3.1642148061412474e-203,5.818356902618889e-203,3.121852869707642e-128,2.0538788713557515e-203,0.0,0.0,0.01020408163265306,0.0,2.451915466625955e-200,9.588269561532624e-25,0.0,0.0,0.0,0.0,0.0,0.0,5.553786097141059e-164,0.0,0.0,6.867364205237758e-160,3.808679883363609e-201,0.03703703728258917,2.9077574143454483e-202,0.0,0.0,3.164423590658203e-127,0.0,3.103735173602817e-166,0.0,0.0,0.0,0.0001264822134387352,7.668239078146188e-201,0.0,0.00017606602475928474,0.0,0.0,0.0,0.0,0.0,0.0,0.0,0.0,0.0,0.0,0.0,1.2714649952138735e-22,0.0,0.0,0.0,6.82860997908403e-201,0.0,3.227435563814151e-201,1.495743546902345e-50,0.0,0.16666666666666666,2.9847036411874563e-202,0.0,0.06818181818181818,0.0,0.0,0.0,0.0,0.0,0.0,0.0,0.0,0.0,0.0,0.0,0.0,0.0,0.0,2.207854674248998e-09,3.899765639962634e-169,6.889844439212271e-199,0.03333333333333333,0.0038400000000000005,0.0,0.0,0.0,0.0,0.0,0.0,0.0,0.0,0.0,2.232309598304782e-201,3.440623968029394e-201,0.005291005291005291,3.258881204151265e-149,2.4024856663369855e-202,0.0,0.0,0.0,0.0,0.0,0.0,0.0,0.0,5.088928008364929e-27,0.0,0.0023703703703703708,0.0,0.018113207547169812,2.6459948320413447e-05,5.080970947779995e-95,0.02057142857142857,0.0,0.22727272727272727,1.7360529801324509e-06,6.553600000000004e-05,0.0,1.9481974676114444e-201,1.1271015016751405e-87,0.0,2.1747944984491894e-91,0.006451612903225807,0.06666666666666667,8.58993459200001e-08,0.4,0.0,2.581110153846155e-06,4.007119248108662e-192,0.0,0.0,0.0,0.0,1.4079164958167497e-157,0.0,0.1282051282051282,4.605962281457974e-120,0.0017777777777777779,0.0,4.0736269553698546e-61,0.0,0.0032000000000000006,1.9342813113834107e-19,4.0696826721368445e-140,0.0,0.0,0.0,0.0,0.0,0.0,0.024615384615384615,0.0,0.0,0.0,0.0,0.0,0.0,0.0,0.4,0.0,0.0,0.0,0.0,0.14285714285714285,0.0,0.0,0.0,0.0,0.0,0.0,0.0,0.0,0.0,0.0,0.0,0.034482758620689655,0.0,0.0,0.0,0.0,0.0,0.0,0.0,0.0,0.0,0.0,0.0,0.0,0.0,0.0,0.0,0.0,0.0,0.0,0.0,0.0,0.0,0.0,0.0,0.0,0.0,1.236950581248001e-08,4.53601252983365e-112,0.0,0.0,0.25,0.0,0.0,0.3333333333333333,0.0,0.0,0.0,0.0,1.3427183500979393e-155,0.0,0.04201680672268908,3.287157329820272e-50,0.0,0.0,0.0,0.0,0.0,1.6139061738043334e-80,0.0,0.0,0.0,0.0,0.0,0.0,0.0,0.0,0.0,0.0,0.0,0.0,0.0,0.0,0.0,0.0,0.0,0.0,0.5,0.0,0.0,0.0,0.09090909090909091,0.0,0.0,0.2,0.0,0.0,0.0,0.0,0.0,0.0,0.0,0.0,0.0,0.0,0.0,0.5,0.0,0.0,0.0,0.0,0.0
E5,0.0,0.0,0.0,6.367288940395945e-203,0.0,4.75559198765093e-23,0.0,0.0,1.381414115633331e-21,0.003073685813504823,2.3388753642537846e-193,1.6081473918449578e-203,5.251635062177568e-203,0.0,0.0,0.005208333333333333,0.0013029315960912053,2.067765404602822e-05,0.0,1.504293987345634e-203,0.0,0.0,0.0,1.8731229648394093e-25,0.0,0.0,0.0,0.0,0.0,0.0,0.0,1.0269394356778756e-202,0.0,0.0,0.0,1.861818181818182e-05,0.18749999932732697,0.0,0.0,0.0,0.0,0.0,0.0,0.0,3.332271658284631e-163,0.04166666982797279,7.374829066861059e-14,4.905260146598397e-161,2.5391199222424117e-201,1.5664045404304016e-179,1.4538787071727242e-202,0.0,0.0,5.537741283651857e-127,0.0,0.08823529367105785,3.920153440925459e-201,0.0,0.0,0.0015810276679841901,0.0,0.0,0.0,0.0,6.055932785913882e-06,0.0,0.0,0.0,0.0,0.0,0.0,0.0,0.0,0.0,3.1786624880346837e-23,0.0,0.037037037037037035,0.0,1.3550999686632238e-55,0.0,0.0,6.581271606370322e-50,0.0,0.0,1.1938814564749825e-201,0.0,0.011363636363636364,0.0,1.9481974676114444e-201,0.0,0.0,0.0,0.0,0.039999999997915,2.2300745198530718e-30,1.510998896077715e-16,0.0,0.0,0.0,0.0,0.0,1.103927337124499e-08,0.8181818181818182,2.368384025979222e-198,0.0,0.0012800000000000003,0.0,0.0,0.0,0.0,0.0,0.0,0.0,0.0,0.0,2.2323095983047817e-200,4.008019724185658e-199,0.0,0.11764706007706338,8.343700852162482e-65,0.0,0.0,0.0,0.0,0.0,0.0,3.2864998448379213e-82,0.0,0.0,2.6812128014112763e-14,0.0,0.15384615384615385,0.0,0.0,1.0,0.03657142857142858,0.1111111111111111,0.0,0.0,3.276800000000002e-05,0.0,3.409345568320037e-201,0.0,0.0,8.634237551459305e-142,0.006451612903225807,0.0,0.9999932891136,0.0,0.0,0.0,8.014238496217323e-192,0.0,0.13513513513513514,0.0,0.0,0.12698412630559067,0.0,0.07692307692307693,0.0,0.0,0.015151515151515152,1.2676506002282324e-21,0.0,0.9632000000000001,1.0,2.902976762749059e-92,3.361632865928964e-122,0.0,0.0,0.0,0.0,0.0,0.0,0.0,0.0,0.0,0.0,0.09090909090691587,0.0,0.0,0.0,0.0,0.16666666667855115,0.0,0.0,0.0,1.2136289976823447e-64,0.0,0.0,1.0,4.675676356931977e-141,1.0,0.008930232558139536,0.5714285714285714,0.0,0.84,0.5,0.0,1.6311402202353884e-31,0.0,0.0,0.0,0.0,0.0,0.0,0.0,0.0,0.041666663013718755,0.0,0.0,0.0,0.0,0.0,1.4723725539819958e-48,0.0,0.0,0.0,0.0,0.0,0.0,0.0,0.0,5.719295801837769e-190,0.999999979384157,0.0,0.06666666666666667,0.0,0.0,7.796251209120198e-193,0.0,0.0,3.303820996923079e-07,0.0,0.0,0.9999998120951807,8.056310100587655e-156,0.02580645161290323,0.13445378151260504,1.1505050654370967e-49,2.7903869978809765e-199,0.2,1.0,0.4,3.8343035259947776e-47,5.379687246014445e-81,0.0,0.3333333333333333,0.0,0.004413793103448276,0.0,0.0,0.5,0.0,0.0,0.0,0.0,0.0,0.0,0.0,0.0,0.0,0.0,0.0,0.0,0.0,1.0,7.853654484114292e-09,0.0,1.0,0.2,0.0,1.0,0.0,0.0,0.0,0.0,0.0,0.0,0.0,0.0,0.0,0.0,0.5,0.0,0.0,0.0,0.0,0.0
A#4,0.0,0.0,0.0,0.0,7.252991474636483e-203,0.0,0.0,2.362544066817314e-15,8.125965386078413e-23,0.0,0.0,0.0,0.0,0.0,0.0,0.0,0.0013029315960912053,0.0,0.0,0.0,0.0,0.0,0.0,6.243743216131366e-26,0.0,0.0,0.0,0.0,0.0,0.0,0.0,0.0,0.0,0.0,0.01020408163265306,0.0,0.0,0.0,0.0,0.0,0.0,0.0,0.0,0.0,1.1107572194282118e-163,0.0,0.0,0.0,6.347799805606029e-202,0.0,1.4538787071727242e-202,2.165976565971887e-203,0.014563106796116505,7.911058976645508e-128,0.0,0.0,0.0,0.0,0.0,0.0001264822134387352,0.0,0.0,0.0,0.0,0.0,0.0,0.0,0.18181818181818182,0.3333333333333333,0.0,0.0,0.0,0.0,0.0,3.1786624880346837e-23,0.0,0.007407407407407408,0.0,0.0,0.0,0.0,0.0,0.0,0.0,0.0,0.0,0.022727272727272728,0.0,0.0,0.0,0.0,0.0,0.0,0.0,0.0,0.0,0.0,0.0,0.0,0.0,0.0,0.0,0.0,0.0,0.0,0.007680000000000001,0.0,0.0,0.0,0.0,0.0625,0.0,0.0,0.0,0.0,0.0,0.0,0.015873015873015872,0.0,0.0,0.0,0.0,0.0,0.0,0.0,0.0,0.0,0.0,0.0,0.0,0.0,0.0,0.0,0.0,0.0,0.0,0.0,0.0,0.0,0.0,0.0,0.0,0.0,0.0,0.0,0.0,0.0,0.0,0.0,0.0,0.0,0.0,0.0,0.0,0.0,0.0,0.0,0.0,0.0,0.0,0.0,0.0,3.968550396986278e-201,0.0,0.0,0.0,0.0,0.0,0.0,0.0,0.0,0.0,0.0,0.0,0.0,0.0,0.0,0.0,0.0,0.0,0.0,0.0,0.0,0.0,0.0,0.0,0.0,0.0,0.0,0.0,0.0,0.0,0.0,0.0,0.0,0.0,0.0,0.0,0.0,0.0,0.0,0.0,0.0,0.0,0.0,0.0,0.0,0.0,0.0,0.0,0.0,0.0,0.0,0.0,0.0,0.0,0.0,0.0,0.0,0.0,0.0,0.0,0.0,0.0,0.0,0.0,0.0,0.0,0.0,0.0,0.0,0.0,0.0,0.0,0.0,0.0,0.0,0.0,0.0,0.0,0.0,0.0,0.0,0.0,0.0,0.0,0.0,0.0,0.0,0.0,0.0,0.0,0.0,0.0,0.0,0.0,0.0,0.0,0.0,0.0,0.0,0.0,0.0,0.0,0.0,0.0,0.0,0.0,0.0,0.0,0.0,0.0,0.0,0.0,0.0,0.0,0.0,0.0,0.0,0.0,0.0,0.0,0.0,0.0,0.0,0.0,0.0,0.0,0.0
D#4,0.0,0.0,0.0,0.0,0.0,9.511183975301861e-24,0.003003003003003003,0.0,0.0,0.0,0.0,0.0,8.752725103629253e-204,0.0,0.0,0.005208333333333333,0.0,2.4326651818856727e-06,1.325495671071399e-164,9.025763924073813e-203,1.0169379310344829e-05,0.0,0.0,0.0,0.0006382978723404256,9.532159669729615e-193,0.00016148023549201015,1.6965742938212285e-66,1.6875812299419977e-202,4.0728498318332393e-202,1.2487411478830567e-127,4.107757742711503e-203,1.148625911385306e-05,0.0,0.0,1.861818181818182e-05,4.8509245982063076e-203,0.0,2.467469879518073e-05,1.0219991646519034e-22,0.1956521739130435,0.06338028169014084,0.0046545454545454555,0.35714285714285715,0.0,5.06743252393614e-203,0.0,0.0,0.0,0.0,0.0,0.0,0.0,0.0,0.3333333333333333,3.1607923515819975e-203,1.5683673992773684e-203,0.0,0.0,0.0,0.0,0.017857142857142856,0.0005281980742778543,0.014336917562724014,8.47690913684211e-08,0.0013636363636363637,0.13333333333333333,0.0,0.0,1.0,0.0,0.20689655172413793,0.0,1.3822350453899594e-203,0.0,0.0,0.0,1.3602446071606193e-128,2.393178610412314e-199,0.0,0.0,0.0,0.0,0.0,0.0,0.0,0.0,1.8916329080017215e-10,0.0,0.0,0.0,0.0,0.0,8.733631712439636e-187,1.457567160426316e-28,0.0,0.0,0.0,0.0,1.0773566228313193e-98,0.0,0.0,0.0,0.0,0.0,0.0,0.0,0.0,0.002162162162162162,0.0005979073243647235,0.0,0.0,0.0,0.0004096000000000002,0.0,0.0,0.0,0.0,0.0,0.0,0.0,0.1,0.01694915254237288,0.0,0.0,0.0,0.0,0.0,1.5266784025094793e-26,0.0,0.0,0.0,0.0,0.0,0.0,0.0,0.0,0.0,0.0,0.0,0.0,0.0,0.0,0.2727272727272727,0.0,0.0,0.0,0.0,0.0,8.246337208320007e-09,0.0,0.0,0.0,0.0,0.0,0.0,5.4445178114955066e-30,0.0,0.0,0.0,0.0,0.045454545454545456,0.0,0.0,0.0,0.0,0.0,0.0,0.0,0.0,0.0,0.0,0.0,0.0,0.0,1.317624576693541e-14,0.0,0.0,0.0,0.0,0.0,0.0,0.0,0.0,0.0,0.0,0.0,0.0,0.0,0.0,0.0,0.0,0.0,0.0,0.0,0.0,0.0,0.0,0.0,0.0,0.0,0.0,0.0,0.0,0.0,0.011111111111111112,0.0,0.5,0.0,0.0,0.0,0.0,0.0,0.0,0.0,0.0,0.0,0.0,0.0,0.0,0.0,0.0,0.0,0.0,0.0,0.0,0.0,0.0,0.0,0.0,0.0,0.0,0.0,0.0,0.0,0.0,0.0,0.0,0.0,0.0,0.0,0.0,0.0,0.0,0.0,0.0,0.0,0.0,0.0,0.0,0.0,0.0,0.0,0.0,0.0,0.0,0.0,0.0,0.0,0.0,0.0,0.0,0.0,0.0,0.0,0.0,0.0,0.0,0.0,0.0,0.0,0.0,0.0,0.0,0.0,0.0,0.0,0.0,0.0,0.0,0.0,0.0,0.0,0.0,0.0,0.0,0.0,0.0,0.0
F#5,0.0,0.0,0.0,0.0,0.0,9.511183975301861e-24,0.0,0.0,0.0,0.0,0.0,0.0,0.0,0.0,0.0,0.0,0.0,0.0,0.0,7.52146993672817e-204,0.0,0.0,0.0,0.0,0.0,1.5886932782882698e-193,0.0,0.0,0.0,0.0,3.121852869707642e-128,0.0,0.0,0.0,0.0,0.0,3.178921896320101e-200,0.0,0.0,0.0,0.0,0.0,0.0,0.0,0.0,0.0,0.0,0.0,0.0,0.0,0.0,0.0,0.0,0.0,0.0,3.8491205969599165e-195,0.0,0.0,0.0,0.0,0.0,0.0,0.0,0.0,0.0,0.0,0.0,0.0,0.0,0.0,0.0,0.0,0.0,0.0,0.0,0.0,0.0,0.0,3.269810109989132e-191,0.0,0.0,0.0,0.0,0.0,0.0,0.0,0.0,0.0,0.0,0.0,0.0,0.0,0.0,1.3801433020403337e-193,0.0,0.0,9.89783392380626e-159,0.0,0.0,0.0,0.0,2.7598183428112475e-10,0.0,0.0,0.0,0.0012800000000000003,0.0,0.0,0.0,0.0,0.0,0.0,0.0,0.0,0.0,0.0,0.0,0.0,0.0,0.0,0.0,0.0,0.0,0.0,0.0,0.0,0.0,0.0,0.0,0.0,0.0,0.0,0.0,0.0,0.0,0.0068571428571428585,4.516578224514334e-192,0.0,0.0,0.0,0.0,0.0,0.0,0.0,0.0,0.0,0.0,0.0,0.0,0.0,0.0,0.0,0.0,0.0,0.0,0.0,0.0,0.0,0.0,0.0,0.0,0.0,2.1380901881877647e-198,0.0,0.0,1.9342813113834107e-19,0.0,0.0,0.0,0.0,0.0,0.0,0.0,0.0,0.0,0.0,0.0,0.0,0.0,0.0,0.0,0.0,0.0,0.0,0.0,0.0,0.0,0.0,0.0,0.0,0.0,0.0,0.0,0.0,0.0,0.0,0.0,0.0,0.0,0.0,0.0,0.0,0.0,0.0,0.0,0.0,0.0,0.0,0.0,0.0,0.0,0.0,0.0,0.0,0.0,0.0,0.0,0.0,0.0,0.0,0.0,0.0,0.0,0.0,0.0,0.0,0.0,0.0,0.0,0.0,0.0,0.0,0.0,0.0,0.0,6.7108864000000065e-09,0.0,0.0,0.0,0.0,1.5695926863080468e-198,0.0,0.0,0.0,0.0,0.0,0.0,0.0,1.0,0.04413793103448277,0.0,0.0,0.5,0.021333333333333336,0.0,1.0,1.0,1.0,0.0,0.0,0.0,0.0,0.0,0.0,0.0,0.0,0.0,0.0,0.09090909090909091,0.0,0.8,0.0,0.0,0.0,0.0,0.0,0.0,0.0,0.0,0.0,0.0,0.0,0.0,0.0,0.0,0.0,0.0,0.0,0.0
D#5,0.0,0.0,0.0,0.0,0.0,0.0,0.0,0.0,0.0,0.0,0.0,0.0,0.0,0.0,0.0,0.0,0.0,0.0,0.0,7.52146993672817e-204,2.2598620689655182e-06,0.0,0.0,0.0,0.0,0.0,0.0,0.0,0.0,0.0,0.0,0.0,0.0,0.0,0.0,0.0,0.0,0.0,0.0,0.0,0.0,0.0,0.0,0.0,0.0,7.653632908473532e-201,0.0,0.0,0.0,3.534811325840571e-143,0.0,0.0,0.0,0.0,0.0,0.0,0.0,0.0,0.0,0.0,0.0,0.0,0.0,0.0,0.0,0.0,0.0,0.0,0.0,0.0,0.0,0.0,0.0,0.0,0.0,0.0,0.0,0.0,2.990839722385756e-198,0.0,0.0,7.478717734511725e-51,0.2857142857142857,0.0,0.0,0.0,0.0,0.0,0.0,0.0,0.0,0.0,0.0,0.0,0.0,0.0,0.0,0.0,0.0,0.0,0.0,0.9999999318324869,5.849648459943949e-169,0.0,0.03333333333333333,0.0,0.0,0.0,0.0,0.0,0.125,0.0,0.0,0.0,0.0,0.0,0.0,0.0,0.0,0.0,0.0,0.0,0.0,0.0,0.0,0.0,0.0,0.0,0.0,0.0,0.0,0.0,0.0,0.0,0.0,0.0,0.0,0.0,0.0,0.0,0.0,9.740987338057222e-202,0.0,0.0,7.838385783570937e-136,0.0,0.0,0.0,0.0,0.0,1.2905550769230775e-06,4.007119248108662e-192,0.0,0.0,0.0,0.0,4.3794438792077366e-197,0.0,0.0,0.0,0.0,0.0,3.2145258215588805e-200,1.0,0.030400000000000003,1.9342813113834107e-18,0.0,3.361632865928964e-122,0.0,0.0,0.0,0.0,0.0,0.0,0.0,0.0,0.0,0.0,0.0,0.0,0.0,0.0,0.0,0.0,0.0,0.0,0.0,0.0,0.0,0.0,0.0,0.0,0.0,0.0,0.0,0.0,0.0,0.0,0.0,0.0,0.0,0.0,0.0,0.0,0.0,0.0,0.0,0.0,0.0,0.0,0.0,0.0,0.0,0.0,0.0,0.0,0.0,0.0,0.0,0.0,0.0,0.0,0.0,5.719295801837769e-190,1.3743895347200018e-09,0.0,0.0,0.0,0.0,0.0,0.0,0.0,0.0,0.0,0.0,0.0,1.0741746800783516e-155,0.0,0.0,0.0,2.574369399258816e-192,0.0,0.0,0.0,0.0,5.379687246014445e-81,0.0,0.0,0.0,0.0,0.0,0.0,0.0,0.0,0.0,0.0,0.0,0.0,0.0,0.0,0.0,1.0,0.0,0.0,0.0,0.0,0.0,7.853654484114292e-09,0.0,0.0,0.0,0.6,0.0,0.0,0.0,0.0,0.0,0.0,0.0,0.0,0.0,0.0,0.0,0.0,0.0,0.0,0.0,0.0,0.0
G5,0.0,0.0,0.0,0.0,0.0,0.0,0.0,0.0,0.0,0.0,0.0,0.0,0.0,0.0,0.0,0.0,0.0,0.0,0.0,0.0,0.0,0.0,0.0,0.0,0.0,0.0,0.0,0.0,0.0,0.0,0.0,0.0,0.0,0.0,0.0,0.0,0.0,0.0,0.0,0.0,0.0,0.0,0.0,0.0,0.0,1.2541739409830589e-199,0.0,0.0,0.0,0.0,0.0,0.0,0.0,0.0,0.0,0.0,0.0,0.0,0.0,0.0,0.0,0.0,0.0,0.0,0.0,0.0,0.0,0.0,0.0,0.0,0.0,0.0,0.0,0.0,0.0,0.0,0.0,0.0,0.028571428570959446,0.0,0.0,0.0,0.0,0.0,0.0,0.0,0.0,0.0,0.0,0.0,0.0,0.0,0.0,0.0,0.0,0.0,0.0,1.743128231079554e-23,0.0,0.0,0.0,0.0,0.0,0.0,0.0,0.0,0.0,0.0,0.0,0.0,0.0,0.0,0.0,0.0,0.0,4.464619196609564e-202,0.0,0.0,0.0,0.0,0.0,0.0,0.0,0.0,0.0,0.0,0.0,0.0,0.0,0.0,0.0,0.0,0.0,0.0,0.0,0.0,0.0,0.0,0.0,0.0,0.0,0.0,0.0,0.0,0.0,0.0,0.0,0.0,0.0,0.0,0.0,0.0,0.0,0.0,0.0,0.0,0.0,0.0,0.0,0.0,0.0,0.0,9.679154898899664e-198,0.0,0.0,0.0,0.0,0.0,0.0,0.0,0.0,0.0,0.0,0.0,0.0,0.0,0.0,0.0,0.0,0.0,0.0,0.0,0.0,0.0,0.0,0.0,0.0,0.0,0.0,0.0,0.0,0.0,0.0,0.6449302325581395,0.07142857142857142,0.0,0.0,0.0,0.0,0.0,0.0,0.0,6.2705706376415145e-136,3.609383090771572e-170,0.0,0.0,0.0,0.0,0.0,0.0,0.0,0.0,0.0,0.0,0.0,0.0,0.0,0.0,0.0,0.0,0.0,0.0,0.0,0.0,0.0,0.0,0.0,0.0,0.0,0.0,0.0,0.0,0.0,0.0,0.0,0.0,0.0,0.0,0.0,0.0,0.0,0.0,0.0,0.0,0.0,0.0,0.0,0.0,0.0,0.0,0.0,0.0,0.0,0.0,0.0,0.0,0.0,0.0,0.0,0.0,0.0,0.0,0.0,0.0,0.0,0.0,0.0,0.0,0.0,0.0,0.0,0.0,0.0,0.0,0.0,0.0,0.0,0.0,0.0,0.0,0.0,0.0,0.0,0.0,0.0,0.0,0.0,0.0,0.0
A5,0.0,0.0,0.0,0.0,0.0,0.0,0.0,0.0,0.0,0.0,0.0,0.0,0.0,0.0,0.0,0.0,0.0,0.0,0.0,0.0,0.0,0.0,0.0,0.0,0.0,0.0,0.0,0.0,0.0,0.0,0.0,0.0,0.0,0.0,0.0,0.0,2.094926738426541e-196,0.0,0.0,0.0,0.0,0.0,0.0,0.0,0.0,1.764153356497063e-179,0.0,0.0,0.0,0.0,0.0,0.0,0.0,0.0,0.0,0.0,0.0,0.0,0.0,0.0,0.0,0.0,0.0,0.0,0.0,0.0,0.0,0.0,0.0,0.0,0.0,0.0,0.0,0.0,0.0,0.0,0.0,0.0,1.4323986589122334e-200,0.0,0.0,0.0,0.0,0.0,0.0,0.0,0.0,0.0,0.0,0.0,0.0,0.0,0.0,9.73341971180672e-131,0.0,0.0,0.0,0.0,0.0,0.0,0.0,0.0,0.0,0.0,0.0,0.0,0.0,0.0,0.0,0.0,0.0,0.0,0.0,0.0,0.0,0.0,0.0,0.0,0.0,5.022696596185751e-200,0.0,0.0,0.0,0.0,0.0,0.0,0.0,0.0,0.0,0.0,0.0,0.0,0.0,0.0,0.0,0.0,0.0,0.0,0.0,0.0,0.0,0.0,0.0,0.0,0.0,0.0,0.0,0.0,0.0,0.0,0.0,0.0,0.0,0.0,0.0,0.0,0.0,0.0,0.0,0.0,0.0,0.0,0.0,0.0,0.0,0.0,0.0,0.0,0.0,0.0,0.0,0.0,0.0,0.0,0.0,0.0,0.0,0.0,0.0,0.0,0.0,0.0,0.0,0.0,0.0,0.0,0.0,0.0,0.0,0.0,0.0,0.0,0.0,0.0,0.0,0.0,0.0,0.0,0.0,0.0,0.0,0.0,0.0,0.0,0.0,0.0,0.0,0.0,0.0,0.0,0.0,0.0,0.0,0.0,0.0,0.0,0.0,0.0,0.0,0.0,0.0,0.0,0.0,0.0,0.0,0.0,0.0,0.0,0.0,0.0,0.0,0.0,0.0,0.0,0.0,0.0,0.0,0.0,0.0,0.0,0.0,0.0,0.0,0.0,0.0,0.0,0.0,0.0,0.0,0.0,0.0,0.0,0.0,0.0,0.0,0.0,0.0,0.0,0.0,0.0,0.0,0.0,0.0,0.0,0.0,0.0,0.0,0.0,0.0,0.0,0.0,0.0,0.0,0.008000000000000002,0.00018204444444444448,0.0,0.0,0.0,0.0,1.0,0.021333333333333336,0.0,1.0,0.0,0.0,0.0,0.0,0.0,0.0
