i,MAX_F,MIN_F,MEAN_F,MEDIAN_F,C_TONE,C_TONE_B,CADENCE,L_NOTE,I_RES,L_INT,L_DUR,CONS_R,CONS_N,PATTERN_D,PATTERN_SD,EQ_INDIV,INDIV_SIZE,L_RATE,POP_SIZE,E_SIZE,X_TYPE
440,4.25,0.439,1.743,0.439,0.64,-0.125,1.0,0.6,0.1,0.0,-0.0,0.0,-0.257,0.796,0.478,0.55,8,0.5,1000,50,1X+2X
441,4.262,0.439,1.753,0.439,0.64,-0.125,1.0,0.6,0.1,0.0,-0.0,0.0,-0.257,0.796,0.478,0.55,8,0.5,1000,50,1X+2X
442,4.328,0.439,1.771,0.439,0.64,-0.125,1.0,0.6,0.1,0.0,-0.0,0.0,-0.257,0.796,0.478,0.55,8,0.5,1000,50,1X+2X
443,4.278,0.439,1.765,0.439,0.64,-0.125,1.0,0.6,0.1,0.0,-0.0,0.0,-0.257,0.796,0.478,0.55,8,0.5,1000,50,1X+2X
444,4.197,0.439,1.778,0.439,0.64,-0.125,1.0,0.6,0.1,0.0,-0.0,0.0,-0.257,0.796,0.478,0.55,8,0.5,1000,50,1X+2X
445,4.199,0.439,1.727,0.439,0.64,-0.125,1.0,0.6,0.1,0.0,-0.0,0.0,-0.257,0.796,0.478,0.55,8,0.5,1000,50,1X+2X
446,4.24,0.439,1.738,0.439,0.64,-0.125,1.0,0.6,0.1,0.0,-0.0,0.0,-0.257,0.796,0.478,0.55,8,0.5,1000,50,1X+2X
447,4.273,0.439,1.747,0.439,0.64,-0.125,1.0,0.6,0.1,0.0,-0.0,0.0,-0.257,0.796,0.478,0.55,8,0.5,1000,50,1X+2X
448,4.235,0.439,1.76,0.439,0.64,-0.125,1.0,0.6,0.1,0.0,-0.0,0.0,-0.257,0.796,0.478,0.55,8,0.5,1000,50,1X+2X
449,4.242,0.439,1.75,0.439,0.64,-0.125,1.0,0.6,0.1,0.0,-0.0,0.0,-0.257,0.796,0.478,0.55,8,0.5,1000,50,1X+2X
450,4.245,0.439,1.767,0.439,0.64,-0.125,1.0,0.6,0.1,0.0,-0.0,0.0,-0.257,0.796,0.478,0.55,8,0.5,1000,50,1X+2X
451,4.195,0.439,1.725,0.439,0.64,-0.125,1.0,0.6,0.1,0.0,-0.0,0.0,-0.257,0.796,0.478,0.55,8,0.5,1000,50,1X+2X
452,4.327,0.439,1.777,0.439,0.64,-0.125,1.0,0.6,0.1,0.0,-0.0,0.0,-0.257,0.796,0.478,0.55,8,0.5,1000,50,1X+2X
453,4.239,0.439,1.741,0.439,0.64,-0.125,1.0,0.6,0.1,0.0,-0.0,0.0,-0.257,0.796,0.478,0.55,8,0.5,1000,50,1X+2X
454,4.227,0.439,1.752,0.439,0.64,-0.125,1.0,0.6,0.1,0.0,-0.0,0.0,-0.257,0.796,0.478,0.55,8,0.5,1000,50,1X+2X
455,4.254,0.439,1.734,0.439,0.64,-0.125,1.0,0.6,0.1,0.0,-0.0,0.0,-0.257,0.796,0.478,0.55,8,0.5,1000,50,1X+2X
456,4.217,0.439,1.735,0.439,0.64,-0.125,1.0,0.6,0.1,0.0,-0.0,0.0,-0.257,0.796,0.478,0.55,8,0.5,1000,50,1X+2X
457,4.243,0.439,1.747,0.439,0.64,-0.125,1.0,0.6,0.1,0.0,-0.0,0.0,-0.257,0.796,0.478,0.55,8,0.5,1000,50,1X+2X
458,4.258,0.439,1.758,0.439,0.64,-0.125,1.0,0.6,0.1,0.0,-0.0,0.0,-0.257,0.796,0.478,0.55,8,0.5,1000,50,1X+2X
459,4.261,0.439,1.75,0.439,0.64,-0.125,1.0,0.6,0.1,0.0,-0.0,0.0,-0.257,0.796,0.478,0.55,8,0.5,1000,50,1X+2X
460,4.271,0.439,1.763,0.439,0.64,-0.125,1.0,0.6,0.1,0.0,-0.0,0.0,-0.257,0.796,0.478,0.55,8,0.5,1000,50,1X+2X
461,4.265,0.439,1.764,0.439,0.64,-0.125,1.0,0.6,0.1,0.0,-0.0,0.0,-0.257,0.796,0.478,0.55,8,0.5,1000,50,1X+2X
462,4.324,0.439,1.792,0.439,0.64,-0.125,1.0,0.6,0.1,0.0,-0.0,0.0,-0.257,0.796,0.478,0.55,8,0.5,1000,50,1X+2X
463,4.275,0.439,1.769,0.439,0.64,-0.125,1.0,0.6,0.1,0.0,-0.0,0.0,-0.257,0.796,0.478,0.55,8,0.5,1000,50,1X+2X
464,4.232,0.439,1.767,0.439,0.64,-0.125,1.0,0.6,0.1,0.0,-0.0,0.0,-0.257,0.796,0.478,0.55,8,0.5,1000,50,1X+2X
465,4.237,0.439,1.759,0.439,0.64,-0.125,1.0,0.6,0.1,0.0,-0.0,0.0,-0.257,0.796,0.478,0.55,8,0.5,1000,50,1X+2X
466,4.252,0.439,1.777,0.439,0.64,-0.125,1.0,0.6,0.1,0.0,-0.0,0.0,-0.257,0.796,0.478,0.55,8,0.5,1000,50,1X+2X
467,4.257,0.439,1.778,0.439,0.64,-0.125,1.0,0.6,0.1,0.0,-0.0,0.0,-0.257,0.796,0.478,0.55,8,0.5,1000,50,1X+2X
468,4.252,0.439,1.782,0.439,0.64,-0.125,1.0,0.6,0.1,0.0,-0.0,0.0,-0.257,0.796,0.478,0.55,8,0.5,1000,50,1X+2X
469,4.286,0.439,1.772,0.439,0.64,-0.125,1.0,0.6,0.1,0.0,-0.0,0.0,-0.257,0.796,0.478,0.55,8,0.5,1000,50,1X+2X
470,4.318,0.439,1.746,0.439,0.64,-0.125,1.0,0.6,0.1,0.0,-0.0,0.0,-0.257,0.796,0.478,0.55,8,0.5,1000,50,1X+2X
471,4.22,0.439,1.745,0.439,0.64,-0.125,1.0,0.6,0.1,0.0,-0.0,0.0,-0.257,0.796,0.478,0.55,8,0.5,1000,50,1X+2X
472,4.213,0.439,1.754,0.439,0.64,-0.125,1.0,0.6,0.1,0.0,-0.0,0.0,-0.257,0.796,0.478,0.55,8,0.5,1000,50,1X+2X
473,4.231,0.439,1.748,0.439,0.64,-0.125,1.0,0.6,0.1,0.0,-0.0,0.0,-0.257,0.796,0.478,0.55,8,0.5,1000,50,1X+2X
474,4.213,0.439,1.733,0.439,0.64,-0.125,1.0,0.6,0.1,0.0,-0.0,0.0,-0.257,0.796,0.478,0.55,8,0.5,1000,50,1X+2X
475,4.226,0.439,1.795,0.439,0.64,-0.125,1.0,0.6,0.1,0.0,-0.0,0.0,-0.257,0.796,0.478,0.55,8,0.5,1000,50,1X+2X
476,4.194,0.439,1.763,0.439,0.64,-0.125,1.0,0.6,0.1,0.0,-0.0,0.0,-0.257,0.796,0.478,0.55,8,0.5,1000,50,1X+2X
477,4.234,0.439,1.727,0.439,0.64,-0.125,1.0,0.6,0.1,0.0,-0.0,0.0,-0.257,0.796,0.478,0.55,8,0.5,1000,50,1X+2X
478,4.252,0.439,1.725,0.439,0.64,-0.125,1.0,0.6,0.1,0.0,-0.0,0.0,-0.257,0.796,0.478,0.55,8,0.5,1000,50,1X+2X
479,4.282,0.439,1.778,0.439,0.64,-0.125,1.0,0.6,0.1,0.0,-0.0,0.0,-0.257,0.796,0.478,0.55,8,0.5,1000,50,1X+2X
480,4.268,0.439,1.741,0.439,0.64,-0.125,1.0,0.6,0.1,0.0,-0.0,0.0,-0.257,0.796,0.478,0.55,8,0.5,1000,50,1X+2X
481,4.259,0.439,1.736,0.439,0.64,-0.125,1.0,0.6,0.1,0.0,-0.0,0.0,-0.257,0.796,0.478,0.55,8,0.5,1000,50,1X+2X
482,4.27,0.439,1.776,0.439,0.64,-0.125,1.0,0.6,0.1,0.0,-0.0,0.0,-0.257,0.796,0.478,0.55,8,0.5,1000,50,1X+2X
483,4.311,0.439,1.768,0.439,0.64,-0.125,1.0,0.6,0.1,0.0,-0.0,0.0,-0.257,0.796,0.478,0.55,8,0.5,1000,50,1X+2X
484,4.209,0.439,1.764,0.439,0.64,-0.125,1.0,0.6,0.1,0.0,-0.0,0.0,-0.257,0.796,0.478,0.55,8,0.5,1000,50,1X+2X
485,4.308,0.439,1.816,0.439,0.64,-0.125,1.0,0.6,0.1,0.0,-0.0,0.0,-0.257,0.796,0.478,0.55,8,0.5,1000,50,1X+2X
486,4.267,0.439,1.776,0.439,0.64,-0.125,1.0,0.6,0.1,0.0,-0.0,0.0,-0.257,0.796,0.478,0.55,8,0.5,1000,50,1X+2X
487,4.291,0.439,1.771,0.439,0.64,-0.125,1.0,0.6,0.1,0.0,-0.0,0.0,-0.257,0.796,0.478,0.55,8,0.5,1000,50,1X+2X
488,4.327,0.439,1.805,0.439,0.64,-0.125,1.0,0.6,0.1,0.0,-0.0,0.0,-0.257,0.796,0.478,0.55,8,0.5,1000,50,1X+2X
489,4.294,0.439,1.774,0.439,0.64,-0.125,1.0,0.6,0.1,0.0,-0.0,0.0,-0.257,0.796,0.478,0.55,8,0.5,1000,50,1X+2X
490,4.308,0.439,1.801,0.439,0.64,-0.125,1.0,0.6,0.1,0.0,-0.0,0.0,-0.257,0.796,0.478,0.55,8,0.5,1000,50,1X+2X
491,4.266,0.439,1.771,0.439,0.64,-0.125,1.0,0.6,0.1,0.0,-0.0,0.0,-0.257,0.796,0.478,0.55,8,0.5,1000,50,1X+2X
492,4.319,0.439,1.76,0.439,0.64,-0.125,1.0,0.6,0.1,0.0,-0.0,0.0,-0.257,0.796,0.478,0.55,8,0.5,1000,50,1X+2X
493,4.312,0.439,1.787,0.439,0.64,-0.125,1.0,0.6,0.1,0.0,-0.0,0.0,-0.257,0.796,0.478,0.55,8,0.5,1000,50,1X+2X
494,4.296,0.439,1.739,0.439,0.64,-0.125,1.0,0.6,0.1,0.0,-0.0,0.0,-0.257,0.796,0.478,0.55,8,0.5,1000,50,1X+2X
495,4.26,0.439,1.762,0.439,0.64,-0.125,1.0,0.6,0.1,0.0,-0.0,0.0,-0.257,0.796,0.478,0.55,8,0.5,1000,50,1X+2X
496,4.259,0.439,1.766,0.439,0.64,-0.125,1.0,0.6,0.1,0.0,-0.0,0.0,-0.257,0.796,0.478,0.55,8,0.5,1000,50,1X+2X
497,4.307,0.439,1.804,0.439,0.64,-0.125,1.0,0.6,0.1,0.0,-0.0,0.0,-0.257,0.796,0.478,0.55,8,0.5,1000,50,1X+2X
498,4.266,0.439,1.778,0.439,0.64,-0.125,1.0,0.6,0.1,0.0,-0.0,0.0,-0.257,0.796,0.478,0.55,8,0.5,1000,50,1X+2X
499,4.342,0.439,1.771,0.439,0.64,-0.125,1.0,0.6,0.1,0.0,-0.0,0.0,-0.257,0.796,0.478,0.55,8,0.5,1000,50,1X+2X
0,4.348,1.262,3.137,3.453,0.632,0.0,1.0,0.429,0.0,0.0,-0.0,0.0,-0.261,0.635,0.175,0.001,8,0.5,1000,50,1X+2X
1,4.337,1.218,2.754,2.345,0.625,0.0,1.0,0.455,0.033,0.0,-0.02,0.0,-0.274,0.561,0.245,0.001,8,0.5,1000,50,1X+2X
2,4.341,1.218,2.66,2.098,0.625,0.0,1.0,0.455,0.033,0.0,-0.02,0.0,-0.274,0.561,0.245,0.002,8,0.5,1000,50,1X+2X
3,4.365,1.161,2.528,1.916,0.537,-0.125,1.0,0.591,0.1,0.0,-0.019,0.0,-0.228,0.544,0.118,0.001,8,0.5,1000,50,1X+2X
4,4.356,1.103,2.457,1.754,0.513,0.0,1.0,0.375,0.1,0.0,-0.0,0.0,-0.24,0.752,0.326,0.001,8,0.5,1000,50,1X+2X
5,4.306,0.934,2.391,1.619,0.589,-0.188,1.0,0.5,0.1,-0.02,-0.0,0.0,-0.229,0.748,0.267,0.001,8,0.5,1000,50,1X+2X
6,4.338,0.934,2.311,1.505,0.589,-0.188,1.0,0.5,0.1,-0.02,-0.0,0.0,-0.229,0.748,0.267,0.002,8,0.5,1000,50,1X+2X
7,4.338,0.934,2.274,1.406,0.589,-0.188,1.0,0.5,0.1,-0.02,-0.0,0.0,-0.229,0.748,0.267,0.004,8,0.5,1000,50,1X+2X
8,4.373,0.934,2.254,1.338,0.589,-0.188,1.0,0.5,0.1,-0.02,-0.0,0.0,-0.229,0.748,0.267,0.008,8,0.5,1000,50,1X+2X
9,4.349,0.934,2.233,1.28,0.589,-0.188,1.0,0.5,0.1,-0.02,-0.0,0.0,-0.229,0.748,0.267,0.016,8,0.5,1000,50,1X+2X
10,4.361,0.934,2.226,1.24,0.589,-0.188,1.0,0.5,0.1,-0.02,-0.0,0.0,-0.229,0.748,0.267,0.032,8,0.5,1000,50,1X+2X
11,4.289,0.87,2.181,1.205,0.599,-0.125,1.0,0.625,0.033,0.0,-0.0,0.0,-0.24,0.755,0.209,0.001,8,0.5,1000,50,1X+2X
12,4.314,0.83,2.122,1.161,0.644,-0.062,1.0,0.625,0.067,-0.019,-0.0,0.0,-0.281,0.707,0.311,0.001,8,0.5,1000,50,1X+2X
13,4.301,0.83,2.112,1.127,0.644,-0.062,1.0,0.625,0.067,-0.019,-0.0,0.0,-0.281,0.707,0.311,0.002,8,0.5,1000,50,1X+2X
14,4.293,0.83,2.084,1.101,0.644,-0.062,1.0,0.625,0.067,-0.019,-0.0,0.0,-0.281,0.707,0.311,0.004,8,0.5,1000,50,1X+2X
15,4.289,0.798,2.09,1.049,0.576,-0.125,1.0,0.583,0.133,0.0,-0.0,0.0,-0.298,0.797,0.25,0.001,8,0.5,1000,50,1X+2X
16,4.279,0.739,2.057,1.028,0.601,-0.062,1.0,0.55,0.1,-0.021,-0.0,0.0,-0.237,0.768,0.372,0.001,8,0.5,1000,50,1X+2X
17,4.243,0.695,2.025,0.977,0.644,-0.125,1.0,0.55,0.067,0.0,-0.021,0.0,-0.254,0.631,0.409,0.001,8,0.5,1000,50,1X+2X
18,4.277,0.695,2.03,0.934,0.644,-0.125,1.0,0.55,0.067,0.0,-0.021,0.0,-0.254,0.631,0.409,0.003,8,0.5,1000,50,1X+2X
19,4.265,0.695,1.994,0.934,0.644,-0.125,1.0,0.55,0.067,0.0,-0.021,0.0,-0.254,0.631,0.409,0.006,8,0.5,1000,50,1X+2X
20,4.228,0.673,1.996,0.923,0.634,-0.125,1.0,0.625,0.067,0.0,-0.0,0.0,-0.276,0.724,0.374,0.001,8,0.5,1000,50,1X+2X
21,4.243,0.673,1.993,0.892,0.634,-0.125,1.0,0.625,0.067,0.0,-0.0,0.0,-0.276,0.724,0.374,0.002,8,0.5,1000,50,1X+2X
22,4.205,0.673,1.941,0.866,0.634,-0.125,1.0,0.625,0.067,0.0,-0.0,0.0,-0.276,0.724,0.374,0.004,8,0.5,1000,50,1X+2X
23,4.206,0.62,1.911,0.854,0.65,-0.125,1.0,0.625,0.067,0.0,-0.0,0.0,-0.266,0.686,0.439,0.002,8,0.5,1000,50,1X+2X
24,4.232,0.62,1.933,0.833,0.65,-0.125,1.0,0.625,0.067,0.0,-0.0,0.0,-0.266,0.686,0.439,0.004,8,0.5,1000,50,1X+2X
25,4.186,0.62,1.927,0.83,0.65,-0.125,1.0,0.625,0.067,0.0,-0.0,0.0,-0.266,0.686,0.439,0.009,8,0.5,1000,50,1X+2X
26,4.224,0.62,1.897,0.802,0.65,-0.125,1.0,0.625,0.067,0.0,-0.0,0.0,-0.266,0.686,0.439,0.019,8,0.5,1000,50,1X+2X
27,4.2,0.62,1.91,0.773,0.65,-0.125,1.0,0.625,0.067,0.0,-0.0,0.0,-0.266,0.686,0.439,0.038,8,0.5,1000,50,1X+2X
28,4.168,0.62,1.879,0.739,0.65,-0.125,1.0,0.625,0.067,0.0,-0.0,0.0,-0.266,0.686,0.439,0.083,8,0.5,1000,50,1X+2X
29,4.179,0.62,1.87,0.724,0.65,-0.125,1.0,0.625,0.067,0.0,-0.0,0.0,-0.266,0.686,0.439,0.15,8,0.5,1000,50,1X+2X
30,4.242,0.62,1.868,0.695,0.65,-0.125,1.0,0.625,0.067,0.0,-0.0,0.0,-0.266,0.686,0.439,0.22,8,0.5,1000,50,1X+2X
31,4.178,0.532,1.827,0.695,0.65,-0.125,1.0,0.571,0.067,0.0,-0.0,0.0,-0.266,0.754,0.439,0.293,8,0.5,1000,50,1X+2X
32,4.14,0.528,1.821,0.673,0.65,-0.125,1.0,0.625,0.067,0.0,-0.0,0.0,-0.266,0.779,0.439,0.371,8,0.5,1000,50,1X+2X
33,4.194,0.528,1.814,0.654,0.65,-0.125,1.0,0.625,0.067,0.0,-0.0,0.0,-0.266,0.779,0.439,0.45,8,0.5,1000,50,1X+2X
34,4.176,0.528,1.788,0.62,0.65,-0.125,1.0,0.625,0.067,0.0,-0.0,0.0,-0.266,0.779,0.439,0.519,8,0.5,1000,50,1X+2X
35,4.19,0.528,1.8,0.62,0.65,-0.125,1.0,0.625,0.067,0.0,-0.0,0.0,-0.266,0.779,0.439,0.535,8,0.5,1000,50,1X+2X
36,4.188,0.528,1.799,0.62,0.65,-0.125,1.0,0.625,0.067,0.0,-0.0,0.0,-0.266,0.779,0.439,0.521,8,0.5,1000,50,1X+2X
37,4.173,0.5,1.797,0.62,0.638,-0.062,1.0,0.571,0.067,0.0,-0.0,0.0,-0.259,0.813,0.503,0.001,8,0.5,1000,50,1X+2X
38,4.206,0.5,1.791,0.62,0.638,-0.062,1.0,0.571,0.067,0.0,-0.0,0.0,-0.259,0.813,0.503,0.002,8,0.5,1000,50,1X+2X
39,4.226,0.489,1.788,0.62,0.65,-0.125,1.0,0.571,0.067,0.0,-0.0,0.0,-0.266,0.804,0.439,0.493,8,0.5,1000,50,1X+2X
40,4.163,0.489,1.782,0.62,0.65,-0.125,1.0,0.571,0.067,0.0,-0.0,0.0,-0.266,0.804,0.439,0.475,8,0.5,1000,50,1X+2X
41,4.213,0.489,1.785,0.59,0.65,-0.125,1.0,0.571,0.067,0.0,-0.0,0.0,-0.266,0.804,0.439,0.462,8,0.5,1000,50,1X+2X
42,4.167,0.489,1.771,0.532,0.65,-0.125,1.0,0.571,0.067,0.0,-0.0,0.0,-0.266,0.804,0.439,0.458,8,0.5,1000,50,1X+2X
43,4.131,0.487,1.745,0.532,0.65,-0.125,1.0,0.571,0.1,0.0,-0.0,0.0,-0.25,0.787,0.438,0.001,8,0.5,1000,50,1X+2X
44,4.189,0.487,1.719,0.528,0.65,-0.125,1.0,0.571,0.1,0.0,-0.0,0.0,-0.25,0.787,0.438,0.002,8,0.5,1000,50,1X+2X
45,4.166,0.483,1.713,0.528,0.665,-0.125,1.0,0.571,0.1,0.0,-0.0,0.0,-0.266,0.804,0.45,0.04,8,0.5,1000,50,1X+2X
46,4.137,0.473,1.725,0.528,0.654,-0.062,1.0,0.571,0.1,0.0,-0.0,0.0,-0.259,0.813,0.513,0.001,8,0.5,1000,50,1X+2X
47,4.178,0.473,1.713,0.528,0.654,-0.062,1.0,0.571,0.1,0.0,-0.0,0.0,-0.259,0.813,0.513,0.002,8,0.5,1000,50,1X+2X
48,4.144,0.473,1.7,0.524,0.654,-0.062,1.0,0.571,0.1,0.0,-0.0,0.0,-0.259,0.813,0.513,0.005,8,0.5,1000,50,1X+2X
49,4.2,0.471,1.727,0.5,0.634,-0.125,1.0,0.571,0.1,0.0,-0.0,0.0,-0.25,0.787,0.47,0.001,8,0.5,1000,50,1X+2X
50,4.125,0.471,1.713,0.5,0.634,-0.125,1.0,0.571,0.1,0.0,-0.0,0.0,-0.25,0.787,0.47,0.002,8,0.5,1000,50,1X+2X
51,4.101,0.471,1.699,0.489,0.634,-0.125,1.0,0.571,0.1,0.0,-0.0,0.0,-0.25,0.787,0.47,0.004,8,0.5,1000,50,1X+2X
52,4.166,0.471,1.719,0.489,0.634,-0.125,1.0,0.571,0.1,0.0,-0.0,0.0,-0.25,0.787,0.47,0.008,8,0.5,1000,50,1X+2X
53,4.163,0.467,1.713,0.489,0.629,-0.125,1.0,0.571,0.067,0.0,-0.0,0.0,-0.266,0.804,0.482,0.001,8,0.5,1000,50,1X+2X
54,4.175,0.467,1.712,0.489,0.629,-0.125,1.0,0.571,0.067,0.0,-0.0,0.0,-0.266,0.804,0.482,0.002,8,0.5,1000,50,1X+2X
55,4.181,0.461,1.714,0.487,0.634,-0.125,1.0,0.571,0.1,0.0,-0.0,0.0,-0.25,0.804,0.47,0.074,8,0.5,1000,50,1X+2X
56,4.174,0.461,1.705,0.483,0.634,-0.125,1.0,0.571,0.1,0.0,-0.0,0.0,-0.25,0.804,0.47,0.127,8,0.5,1000,50,1X+2X
57,4.161,0.461,1.729,0.483,0.634,-0.125,1.0,0.571,0.1,0.0,-0.0,0.0,-0.25,0.804,0.47,0.177,8,0.5,1000,50,1X+2X
58,4.193,0.461,1.701,0.473,0.634,-0.125,1.0,0.571,0.1,0.0,-0.0,0.0,-0.25,0.804,0.47,0.212,8,0.5,1000,50,1X+2X
59,4.189,0.461,1.725,0.473,0.634,-0.125,1.0,0.571,0.1,0.0,-0.0,0.0,-0.25,0.804,0.47,0.242,8,0.5,1000,50,1X+2X
60,4.204,0.461,1.722,0.473,0.634,-0.125,1.0,0.571,0.1,0.0,-0.0,0.0,-0.25,0.804,0.47,0.307,8,0.5,1000,50,1X+2X
61,4.188,0.461,1.744,0.473,0.634,-0.125,1.0,0.571,0.1,0.0,-0.0,0.0,-0.25,0.804,0.47,0.365,8,0.5,1000,50,1X+2X
62,4.182,0.461,1.754,0.473,0.634,-0.125,1.0,0.571,0.1,0.0,-0.0,0.0,-0.25,0.804,0.47,0.427,8,0.5,1000,50,1X+2X
63,4.192,0.461,1.709,0.471,0.634,-0.125,1.0,0.571,0.1,0.0,-0.0,0.0,-0.25,0.804,0.47,0.48,8,0.5,1000,50,1X+2X
64,4.226,0.461,1.733,0.471,0.634,-0.125,1.0,0.571,0.1,0.0,-0.0,0.0,-0.25,0.804,0.47,0.481,8,0.5,1000,50,1X+2X
65,4.226,0.461,1.745,0.471,0.634,-0.125,1.0,0.571,0.1,0.0,-0.0,0.0,-0.25,0.804,0.471,0.001,8,0.5,1000,50,1X+2X
66,4.203,0.461,1.743,0.466,0.634,-0.125,1.0,0.571,0.1,0.0,-0.0,0.0,-0.25,0.804,0.471,0.002,8,0.5,1000,50,1X+2X
67,4.253,0.461,1.764,0.461,0.634,-0.125,1.0,0.571,0.1,0.0,-0.0,0.0,-0.25,0.804,0.471,0.005,8,0.5,1000,50,1X+2X
68,4.218,0.461,1.757,0.461,0.634,-0.125,1.0,0.571,0.1,0.0,-0.0,0.0,-0.25,0.804,0.471,0.011,8,0.5,1000,50,1X+2X
69,4.197,0.461,1.777,0.461,0.634,-0.125,1.0,0.571,0.1,0.0,-0.0,0.0,-0.25,0.804,0.471,0.025,8,0.5,1000,50,1X+2X
70,4.166,0.461,1.727,0.461,0.634,-0.125,1.0,0.571,0.1,0.0,-0.0,0.0,-0.25,0.804,0.471,0.053,8,0.5,1000,50,1X+2X
71,4.194,0.461,1.762,0.461,0.634,-0.125,1.0,0.571,0.1,0.0,-0.0,0.0,-0.25,0.804,0.471,0.113,8,0.5,1000,50,1X+2X
72,4.228,0.461,1.756,0.461,0.634,-0.125,1.0,0.571,0.1,0.0,-0.0,0.0,-0.25,0.804,0.471,0.183,8,0.5,1000,50,1X+2X
73,4.252,0.461,1.775,0.461,0.634,-0.125,1.0,0.571,0.1,0.0,-0.0,0.0,-0.25,0.804,0.471,0.263,8,0.5,1000,50,1X+2X
74,4.201,0.461,1.76,0.461,0.634,-0.125,1.0,0.571,0.1,0.0,-0.0,0.0,-0.25,0.804,0.471,0.345,8,0.5,1000,50,1X+2X
75,4.267,0.461,1.768,0.461,0.634,-0.125,1.0,0.571,0.1,0.0,-0.0,0.0,-0.25,0.804,0.471,0.429,8,0.5,1000,50,1X+2X
76,4.207,0.461,1.728,0.461,0.634,-0.125,1.0,0.571,0.1,0.0,-0.0,0.0,-0.25,0.804,0.471,0.506,8,0.5,1000,50,1X+2X
77,4.167,0.45,1.744,0.461,0.634,-0.125,1.0,0.571,0.1,0.0,-0.0,0.0,-0.25,0.804,0.482,0.001,8,0.5,1000,50,1X+2X
78,4.204,0.45,1.752,0.461,0.634,-0.125,1.0,0.571,0.1,0.0,-0.0,0.0,-0.25,0.804,0.482,0.002,8,0.5,1000,50,1X+2X
79,4.212,0.45,1.762,0.461,0.634,-0.125,1.0,0.571,0.1,0.0,-0.0,0.0,-0.25,0.804,0.482,0.004,8,0.5,1000,50,1X+2X
80,4.257,0.45,1.737,0.461,0.634,-0.125,1.0,0.571,0.1,0.0,-0.0,0.0,-0.25,0.804,0.482,0.009,8,0.5,1000,50,1X+2X
81,4.21,0.45,1.748,0.461,0.634,-0.125,1.0,0.571,0.1,0.0,-0.0,0.0,-0.25,0.804,0.482,0.021,8,0.5,1000,50,1X+2X
82,4.191,0.45,1.765,0.461,0.634,-0.125,1.0,0.571,0.1,0.0,-0.0,0.0,-0.25,0.804,0.482,0.049,8,0.5,1000,50,1X+2X
83,4.146,0.45,1.728,0.461,0.634,-0.125,1.0,0.571,0.1,0.0,-0.0,0.0,-0.25,0.804,0.482,0.108,8,0.5,1000,50,1X+2X
84,4.175,0.45,1.727,0.461,0.634,-0.125,1.0,0.571,0.1,0.0,-0.0,0.0,-0.25,0.804,0.482,0.179,8,0.5,1000,50,1X+2X
85,4.191,0.45,1.759,0.461,0.634,-0.125,1.0,0.571,0.1,0.0,-0.0,0.0,-0.25,0.804,0.482,0.254,8,0.5,1000,50,1X+2X
86,4.147,0.45,1.723,0.461,0.634,-0.125,1.0,0.571,0.1,0.0,-0.0,0.0,-0.25,0.804,0.482,0.342,8,0.5,1000,50,1X+2X
87,4.222,0.45,1.769,0.461,0.634,-0.125,1.0,0.571,0.1,0.0,-0.0,0.0,-0.25,0.804,0.482,0.424,8,0.5,1000,50,1X+2X
88,4.2,0.45,1.778,0.461,0.634,-0.125,1.0,0.571,0.1,0.0,-0.0,0.0,-0.25,0.804,0.482,0.491,8,0.5,1000,50,1X+2X
89,4.182,0.45,1.725,0.45,0.634,-0.125,1.0,0.571,0.1,0.0,-0.0,0.0,-0.25,0.804,0.482,0.55,8,0.5,1000,50,1X+2X
90,4.134,0.45,1.747,0.45,0.634,-0.125,1.0,0.571,0.1,0.0,-0.0,0.0,-0.25,0.804,0.482,0.55,8,0.5,1000,50,1X+2X
91,4.157,0.45,1.731,0.45,0.634,-0.125,1.0,0.571,0.1,0.0,-0.0,0.0,-0.25,0.804,0.482,0.55,8,0.5,1000,50,1X+2X
92,4.206,0.45,1.712,0.45,0.634,-0.125,1.0,0.571,0.1,0.0,-0.0,0.0,-0.25,0.804,0.482,0.55,8,0.5,1000,50,1X+2X
93,4.172,0.45,1.77,0.45,0.634,-0.125,1.0,0.571,0.1,0.0,-0.0,0.0,-0.25,0.804,0.482,0.55,8,0.5,1000,50,1X+2X
94,4.23,0.45,1.754,0.45,0.634,-0.125,1.0,0.571,0.1,0.0,-0.0,0.0,-0.25,0.804,0.482,0.55,8,0.5,1000,50,1X+2X
95,4.189,0.45,1.74,0.45,0.634,-0.125,1.0,0.571,0.1,0.0,-0.0,0.0,-0.25,0.804,0.482,0.55,8,0.5,1000,50,1X+2X
96,4.124,0.45,1.708,0.45,0.634,-0.125,1.0,0.571,0.1,0.0,-0.0,0.0,-0.25,0.804,0.482,0.55,8,0.5,1000,50,1X+2X
97,4.139,0.45,1.723,0.45,0.634,-0.125,1.0,0.571,0.1,0.0,-0.0,0.0,-0.25,0.804,0.482,0.55,8,0.5,1000,50,1X+2X
98,4.203,0.45,1.763,0.45,0.634,-0.125,1.0,0.571,0.1,0.0,-0.0,0.0,-0.25,0.804,0.482,0.55,8,0.5,1000,50,1X+2X
99,4.219,0.45,1.77,0.45,0.634,-0.125,1.0,0.571,0.1,0.0,-0.0,0.0,-0.25,0.804,0.482,0.55,8,0.5,1000,50,1X+2X
100,4.193,0.45,1.742,0.45,0.634,-0.125,1.0,0.571,0.1,0.0,-0.0,0.0,-0.25,0.804,0.482,0.55,8,0.5,1000,50,1X+2X
101,4.187,0.45,1.74,0.45,0.634,-0.125,1.0,0.571,0.1,0.0,-0.0,0.0,-0.25,0.804,0.482,0.55,8,0.5,1000,50,1X+2X
102,4.169,0.45,1.734,0.45,0.634,-0.125,1.0,0.571,0.1,0.0,-0.0,0.0,-0.25,0.804,0.482,0.55,8,0.5,1000,50,1X+2X
103,4.159,0.45,1.741,0.45,0.634,-0.125,1.0,0.571,0.1,0.0,-0.0,0.0,-0.25,0.804,0.482,0.55,8,0.5,1000,50,1X+2X
104,4.187,0.45,1.735,0.45,0.634,-0.125,1.0,0.571,0.1,0.0,-0.0,0.0,-0.25,0.804,0.482,0.55,8,0.5,1000,50,1X+2X
105,4.137,0.45,1.744,0.45,0.634,-0.125,1.0,0.571,0.1,0.0,-0.0,0.0,-0.25,0.804,0.482,0.55,8,0.5,1000,50,1X+2X
106,4.144,0.45,1.752,0.45,0.634,-0.125,1.0,0.571,0.1,0.0,-0.0,0.0,-0.25,0.804,0.482,0.55,8,0.5,1000,50,1X+2X
107,4.166,0.45,1.741,0.45,0.634,-0.125,1.0,0.571,0.1,0.0,-0.0,0.0,-0.25,0.804,0.482,0.55,8,0.5,1000,50,1X+2X
108,4.144,0.45,1.721,0.45,0.634,-0.125,1.0,0.571,0.1,0.0,-0.0,0.0,-0.25,0.804,0.482,0.55,8,0.5,1000,50,1X+2X
109,4.211,0.45,1.739,0.45,0.634,-0.125,1.0,0.571,0.1,0.0,-0.0,0.0,-0.25,0.804,0.482,0.55,8,0.5,1000,50,1X+2X
110,4.148,0.45,1.751,0.45,0.634,-0.125,1.0,0.571,0.1,0.0,-0.0,0.0,-0.25,0.804,0.482,0.55,8,0.5,1000,50,1X+2X
111,4.223,0.45,1.776,0.45,0.634,-0.125,1.0,0.571,0.1,0.0,-0.0,0.0,-0.25,0.804,0.482,0.55,8,0.5,1000,50,1X+2X
112,4.125,0.45,1.714,0.45,0.634,-0.125,1.0,0.571,0.1,0.0,-0.0,0.0,-0.25,0.804,0.482,0.55,8,0.5,1000,50,1X+2X
113,4.195,0.45,1.759,0.45,0.634,-0.125,1.0,0.571,0.1,0.0,-0.0,0.0,-0.25,0.804,0.482,0.55,8,0.5,1000,50,1X+2X
114,4.167,0.45,1.747,0.45,0.634,-0.125,1.0,0.571,0.1,0.0,-0.0,0.0,-0.25,0.804,0.482,0.55,8,0.5,1000,50,1X+2X
115,4.22,0.45,1.771,0.45,0.634,-0.125,1.0,0.571,0.1,0.0,-0.0,0.0,-0.25,0.804,0.482,0.55,8,0.5,1000,50,1X+2X
116,4.166,0.45,1.728,0.45,0.634,-0.125,1.0,0.571,0.1,0.0,-0.0,0.0,-0.25,0.804,0.482,0.55,8,0.5,1000,50,1X+2X
117,4.17,0.45,1.74,0.45,0.634,-0.125,1.0,0.571,0.1,0.0,-0.0,0.0,-0.25,0.804,0.482,0.55,8,0.5,1000,50,1X+2X
118,4.2,0.45,1.743,0.45,0.634,-0.125,1.0,0.571,0.1,0.0,-0.0,0.0,-0.25,0.804,0.482,0.55,8,0.5,1000,50,1X+2X
119,4.182,0.45,1.769,0.45,0.634,-0.125,1.0,0.571,0.1,0.0,-0.0,0.0,-0.25,0.804,0.482,0.55,8,0.5,1000,50,1X+2X
120,4.175,0.45,1.747,0.45,0.634,-0.125,1.0,0.571,0.1,0.0,-0.0,0.0,-0.25,0.804,0.482,0.55,8,0.5,1000,50,1X+2X
121,4.185,0.45,1.74,0.45,0.634,-0.125,1.0,0.571,0.1,0.0,-0.0,0.0,-0.25,0.804,0.482,0.55,8,0.5,1000,50,1X+2X
122,4.181,0.45,1.755,0.45,0.634,-0.125,1.0,0.571,0.1,0.0,-0.0,0.0,-0.25,0.804,0.482,0.55,8,0.5,1000,50,1X+2X
123,4.183,0.45,1.767,0.45,0.634,-0.125,1.0,0.571,0.1,0.0,-0.0,0.0,-0.25,0.804,0.482,0.55,8,0.5,1000,50,1X+2X
124,4.223,0.45,1.759,0.45,0.634,-0.125,1.0,0.571,0.1,0.0,-0.0,0.0,-0.25,0.804,0.482,0.55,8,0.5,1000,50,1X+2X
125,4.22,0.45,1.743,0.45,0.634,-0.125,1.0,0.571,0.1,0.0,-0.0,0.0,-0.25,0.804,0.482,0.55,8,0.5,1000,50,1X+2X
126,4.227,0.45,1.741,0.45,0.634,-0.125,1.0,0.571,0.1,0.0,-0.0,0.0,-0.25,0.804,0.482,0.55,8,0.5,1000,50,1X+2X
127,4.2,0.45,1.77,0.45,0.634,-0.125,1.0,0.571,0.1,0.0,-0.0,0.0,-0.25,0.804,0.482,0.55,8,0.5,1000,50,1X+2X
128,4.109,0.45,1.721,0.45,0.634,-0.125,1.0,0.571,0.1,0.0,-0.0,0.0,-0.25,0.804,0.482,0.55,8,0.5,1000,50,1X+2X
129,4.136,0.45,1.743,0.45,0.634,-0.125,1.0,0.571,0.1,0.0,-0.0,0.0,-0.25,0.804,0.482,0.55,8,0.5,1000,50,1X+2X
130,4.132,0.45,1.738,0.45,0.634,-0.125,1.0,0.571,0.1,0.0,-0.0,0.0,-0.25,0.804,0.482,0.55,8,0.5,1000,50,1X+2X
131,4.217,0.45,1.772,0.45,0.634,-0.125,1.0,0.571,0.1,0.0,-0.0,0.0,-0.25,0.804,0.482,0.55,8,0.5,1000,50,1X+2X
132,4.188,0.45,1.766,0.45,0.634,-0.125,1.0,0.571,0.1,0.0,-0.0,0.0,-0.25,0.804,0.482,0.55,8,0.5,1000,50,1X+2X
133,4.156,0.45,1.734,0.45,0.634,-0.125,1.0,0.571,0.1,0.0,-0.0,0.0,-0.25,0.804,0.482,0.55,8,0.5,1000,50,1X+2X
134,4.198,0.45,1.76,0.45,0.634,-0.125,1.0,0.571,0.1,0.0,-0.0,0.0,-0.25,0.804,0.482,0.55,8,0.5,1000,50,1X+2X
135,4.143,0.45,1.73,0.45,0.634,-0.125,1.0,0.571,0.1,0.0,-0.0,0.0,-0.25,0.804,0.482,0.55,8,0.5,1000,50,1X+2X
136,4.152,0.45,1.729,0.45,0.634,-0.125,1.0,0.571,0.1,0.0,-0.0,0.0,-0.25,0.804,0.482,0.55,8,0.5,1000,50,1X+2X
137,4.148,0.45,1.718,0.45,0.634,-0.125,1.0,0.571,0.1,0.0,-0.0,0.0,-0.25,0.804,0.482,0.55,8,0.5,1000,50,1X+2X
138,4.137,0.45,1.73,0.45,0.634,-0.125,1.0,0.571,0.1,0.0,-0.0,0.0,-0.25,0.804,0.482,0.55,8,0.5,1000,50,1X+2X
139,4.145,0.45,1.744,0.45,0.634,-0.125,1.0,0.571,0.1,0.0,-0.0,0.0,-0.25,0.804,0.482,0.55,8,0.5,1000,50,1X+2X
140,4.163,0.45,1.727,0.45,0.634,-0.125,1.0,0.571,0.1,0.0,-0.0,0.0,-0.25,0.804,0.482,0.55,8,0.5,1000,50,1X+2X
141,4.177,0.45,1.758,0.45,0.634,-0.125,1.0,0.571,0.1,0.0,-0.0,0.0,-0.25,0.804,0.482,0.55,8,0.5,1000,50,1X+2X
142,4.149,0.45,1.754,0.45,0.634,-0.125,1.0,0.571,0.1,0.0,-0.0,0.0,-0.25,0.804,0.482,0.55,8,0.5,1000,50,1X+2X
143,4.184,0.45,1.738,0.45,0.634,-0.125,1.0,0.571,0.1,0.0,-0.0,0.0,-0.25,0.804,0.482,0.55,8,0.5,1000,50,1X+2X
144,4.161,0.45,1.716,0.45,0.634,-0.125,1.0,0.571,0.1,0.0,-0.0,0.0,-0.25,0.804,0.482,0.55,8,0.5,1000,50,1X+2X
145,4.228,0.45,1.743,0.45,0.634,-0.125,1.0,0.571,0.1,0.0,-0.0,0.0,-0.25,0.804,0.482,0.55,8,0.5,1000,50,1X+2X
146,4.188,0.45,1.734,0.45,0.634,-0.125,1.0,0.571,0.1,0.0,-0.0,0.0,-0.25,0.804,0.482,0.55,8,0.5,1000,50,1X+2X
147,4.158,0.45,1.75,0.45,0.634,-0.125,1.0,0.571,0.1,0.0,-0.0,0.0,-0.25,0.804,0.482,0.55,8,0.5,1000,50,1X+2X
148,4.16,0.45,1.737,0.45,0.634,-0.125,1.0,0.571,0.1,0.0,-0.0,0.0,-0.25,0.804,0.482,0.55,8,0.5,1000,50,1X+2X
149,4.193,0.45,1.733,0.45,0.634,-0.125,1.0,0.571,0.1,0.0,-0.0,0.0,-0.25,0.804,0.482,0.55,8,0.5,1000,50,1X+2X
150,4.135,0.45,1.721,0.45,0.634,-0.125,1.0,0.571,0.1,0.0,-0.0,0.0,-0.25,0.804,0.482,0.55,8,0.5,1000,50,1X+2X
151,4.157,0.45,1.738,0.45,0.634,-0.125,1.0,0.571,0.1,0.0,-0.0,0.0,-0.25,0.804,0.482,0.55,8,0.5,1000,50,1X+2X
152,4.141,0.45,1.732,0.45,0.634,-0.125,1.0,0.571,0.1,0.0,-0.0,0.0,-0.25,0.804,0.482,0.55,8,0.5,1000,50,1X+2X
153,4.19,0.45,1.725,0.45,0.634,-0.125,1.0,0.571,0.1,0.0,-0.0,0.0,-0.25,0.804,0.482,0.55,8,0.5,1000,50,1X+2X
154,4.153,0.45,1.741,0.45,0.634,-0.125,1.0,0.571,0.1,0.0,-0.0,0.0,-0.25,0.804,0.482,0.55,8,0.5,1000,50,1X+2X
155,4.196,0.45,1.73,0.45,0.634,-0.125,1.0,0.571,0.1,0.0,-0.0,0.0,-0.25,0.804,0.482,0.55,8,0.5,1000,50,1X+2X
156,4.153,0.45,1.724,0.45,0.634,-0.125,1.0,0.571,0.1,0.0,-0.0,0.0,-0.25,0.804,0.482,0.55,8,0.5,1000,50,1X+2X
157,4.15,0.45,1.725,0.45,0.634,-0.125,1.0,0.571,0.1,0.0,-0.0,0.0,-0.25,0.804,0.482,0.55,8,0.5,1000,50,1X+2X
158,4.168,0.45,1.739,0.45,0.634,-0.125,1.0,0.571,0.1,0.0,-0.0,0.0,-0.25,0.804,0.482,0.55,8,0.5,1000,50,1X+2X
159,4.194,0.45,1.709,0.45,0.634,-0.125,1.0,0.571,0.1,0.0,-0.0,0.0,-0.25,0.804,0.482,0.55,8,0.5,1000,50,1X+2X
160,4.166,0.45,1.758,0.45,0.634,-0.125,1.0,0.571,0.1,0.0,-0.0,0.0,-0.25,0.804,0.482,0.55,8,0.5,1000,50,1X+2X
161,4.221,0.45,1.758,0.45,0.634,-0.125,1.0,0.571,0.1,0.0,-0.0,0.0,-0.25,0.804,0.482,0.55,8,0.5,1000,50,1X+2X
162,4.108,0.45,1.698,0.45,0.634,-0.125,1.0,0.571,0.1,0.0,-0.0,0.0,-0.25,0.804,0.482,0.55,8,0.5,1000,50,1X+2X
163,4.128,0.45,1.68,0.45,0.634,-0.125,1.0,0.571,0.1,0.0,-0.0,0.0,-0.25,0.804,0.482,0.55,8,0.5,1000,50,1X+2X
164,4.198,0.45,1.757,0.45,0.634,-0.125,1.0,0.571,0.1,0.0,-0.0,0.0,-0.25,0.804,0.482,0.55,8,0.5,1000,50,1X+2X
165,4.237,0.45,1.715,0.45,0.634,-0.125,1.0,0.571,0.1,0.0,-0.0,0.0,-0.25,0.804,0.482,0.55,8,0.5,1000,50,1X+2X
166,4.205,0.45,1.743,0.45,0.634,-0.125,1.0,0.571,0.1,0.0,-0.0,0.0,-0.25,0.804,0.482,0.55,8,0.5,1000,50,1X+2X
167,4.133,0.45,1.765,0.45,0.634,-0.125,1.0,0.571,0.1,0.0,-0.0,0.0,-0.25,0.804,0.482,0.55,8,0.5,1000,50,1X+2X
168,4.151,0.45,1.699,0.45,0.634,-0.125,1.0,0.571,0.1,0.0,-0.0,0.0,-0.25,0.804,0.482,0.55,8,0.5,1000,50,1X+2X
169,4.24,0.45,1.747,0.45,0.634,-0.125,1.0,0.571,0.1,0.0,-0.0,0.0,-0.25,0.804,0.482,0.55,8,0.5,1000,50,1X+2X
170,4.184,0.45,1.744,0.45,0.634,-0.125,1.0,0.571,0.1,0.0,-0.0,0.0,-0.25,0.804,0.482,0.55,8,0.5,1000,50,1X+2X
171,4.194,0.45,1.729,0.45,0.634,-0.125,1.0,0.571,0.1,0.0,-0.0,0.0,-0.25,0.804,0.482,0.55,8,0.5,1000,50,1X+2X
172,4.117,0.45,1.721,0.45,0.634,-0.125,1.0,0.571,0.1,0.0,-0.0,0.0,-0.25,0.804,0.482,0.55,8,0.5,1000,50,1X+2X
173,4.164,0.45,1.741,0.45,0.634,-0.125,1.0,0.571,0.1,0.0,-0.0,0.0,-0.25,0.804,0.482,0.55,8,0.5,1000,50,1X+2X
174,4.186,0.45,1.765,0.45,0.634,-0.125,1.0,0.571,0.1,0.0,-0.0,0.0,-0.25,0.804,0.482,0.55,8,0.5,1000,50,1X+2X
175,4.169,0.45,1.747,0.45,0.634,-0.125,1.0,0.571,0.1,0.0,-0.0,0.0,-0.25,0.804,0.482,0.55,8,0.5,1000,50,1X+2X
176,4.158,0.45,1.756,0.45,0.634,-0.125,1.0,0.571,0.1,0.0,-0.0,0.0,-0.25,0.804,0.482,0.55,8,0.5,1000,50,1X+2X
177,4.165,0.45,1.737,0.45,0.634,-0.125,1.0,0.571,0.1,0.0,-0.0,0.0,-0.25,0.804,0.482,0.55,8,0.5,1000,50,1X+2X
178,4.157,0.45,1.703,0.45,0.634,-0.125,1.0,0.571,0.1,0.0,-0.0,0.0,-0.25,0.804,0.482,0.55,8,0.5,1000,50,1X+2X
179,4.174,0.45,1.757,0.45,0.634,-0.125,1.0,0.571,0.1,0.0,-0.0,0.0,-0.25,0.804,0.482,0.55,8,0.5,1000,50,1X+2X
180,4.155,0.45,1.73,0.45,0.634,-0.125,1.0,0.571,0.1,0.0,-0.0,0.0,-0.25,0.804,0.482,0.55,8,0.5,1000,50,1X+2X
181,4.209,0.45,1.749,0.45,0.634,-0.125,1.0,0.571,0.1,0.0,-0.0,0.0,-0.25,0.804,0.482,0.55,8,0.5,1000,50,1X+2X
182,4.185,0.45,1.742,0.45,0.634,-0.125,1.0,0.571,0.1,0.0,-0.0,0.0,-0.25,0.804,0.482,0.55,8,0.5,1000,50,1X+2X
183,4.156,0.45,1.766,0.45,0.634,-0.125,1.0,0.571,0.1,0.0,-0.0,0.0,-0.25,0.804,0.482,0.55,8,0.5,1000,50,1X+2X
184,4.152,0.45,1.73,0.45,0.634,-0.125,1.0,0.571,0.1,0.0,-0.0,0.0,-0.25,0.804,0.482,0.55,8,0.5,1000,50,1X+2X
185,4.181,0.45,1.716,0.45,0.634,-0.125,1.0,0.571,0.1,0.0,-0.0,0.0,-0.25,0.804,0.482,0.55,8,0.5,1000,50,1X+2X
186,4.161,0.45,1.731,0.45,0.634,-0.125,1.0,0.571,0.1,0.0,-0.0,0.0,-0.25,0.804,0.482,0.55,8,0.5,1000,50,1X+2X
187,4.169,0.45,1.744,0.45,0.634,-0.125,1.0,0.571,0.1,0.0,-0.0,0.0,-0.25,0.804,0.482,0.55,8,0.5,1000,50,1X+2X
188,4.215,0.45,1.769,0.45,0.634,-0.125,1.0,0.571,0.1,0.0,-0.0,0.0,-0.25,0.804,0.482,0.55,8,0.5,1000,50,1X+2X
189,4.196,0.45,1.742,0.45,0.634,-0.125,1.0,0.571,0.1,0.0,-0.0,0.0,-0.25,0.804,0.482,0.55,8,0.5,1000,50,1X+2X
190,4.127,0.45,1.72,0.45,0.634,-0.125,1.0,0.571,0.1,0.0,-0.0,0.0,-0.25,0.804,0.482,0.55,8,0.5,1000,50,1X+2X
191,4.155,0.45,1.765,0.45,0.634,-0.125,1.0,0.571,0.1,0.0,-0.0,0.0,-0.25,0.804,0.482,0.55,8,0.5,1000,50,1X+2X
192,4.179,0.45,1.713,0.45,0.634,-0.125,1.0,0.571,0.1,0.0,-0.0,0.0,-0.25,0.804,0.482,0.55,8,0.5,1000,50,1X+2X
193,4.138,0.45,1.706,0.45,0.634,-0.125,1.0,0.571,0.1,0.0,-0.0,0.0,-0.25,0.804,0.482,0.55,8,0.5,1000,50,1X+2X
194,4.126,0.45,1.735,0.45,0.634,-0.125,1.0,0.571,0.1,0.0,-0.0,0.0,-0.25,0.804,0.482,0.55,8,0.5,1000,50,1X+2X
195,4.09,0.45,1.728,0.45,0.634,-0.125,1.0,0.571,0.1,0.0,-0.0,0.0,-0.25,0.804,0.482,0.55,8,0.5,1000,50,1X+2X
196,4.178,0.45,1.748,0.45,0.634,-0.125,1.0,0.571,0.1,0.0,-0.0,0.0,-0.25,0.804,0.482,0.55,8,0.5,1000,50,1X+2X
197,4.136,0.45,1.703,0.45,0.634,-0.125,1.0,0.571,0.1,0.0,-0.0,0.0,-0.25,0.804,0.482,0.55,8,0.5,1000,50,1X+2X
198,4.186,0.45,1.735,0.45,0.634,-0.125,1.0,0.571,0.1,0.0,-0.0,0.0,-0.25,0.804,0.482,0.55,8,0.5,1000,50,1X+2X
199,4.204,0.45,1.75,0.45,0.634,-0.125,1.0,0.571,0.1,0.0,-0.0,0.0,-0.25,0.804,0.482,0.55,8,0.5,1000,50,1X+2X
200,4.191,0.45,1.746,0.45,0.634,-0.125,1.0,0.571,0.1,0.0,-0.0,0.0,-0.25,0.804,0.482,0.55,8,0.5,1000,50,1X+2X
201,4.21,0.45,1.742,0.45,0.634,-0.125,1.0,0.571,0.1,0.0,-0.0,0.0,-0.25,0.804,0.482,0.55,8,0.5,1000,50,1X+2X
202,4.143,0.45,1.733,0.45,0.634,-0.125,1.0,0.571,0.1,0.0,-0.0,0.0,-0.25,0.804,0.482,0.55,8,0.5,1000,50,1X+2X
203,4.153,0.45,1.722,0.45,0.634,-0.125,1.0,0.571,0.1,0.0,-0.0,0.0,-0.25,0.804,0.482,0.55,8,0.5,1000,50,1X+2X
204,4.144,0.45,1.719,0.45,0.634,-0.125,1.0,0.571,0.1,0.0,-0.0,0.0,-0.25,0.804,0.482,0.55,8,0.5,1000,50,1X+2X
205,4.119,0.45,1.723,0.45,0.634,-0.125,1.0,0.571,0.1,0.0,-0.0,0.0,-0.25,0.804,0.482,0.55,8,0.5,1000,50,1X+2X
206,4.145,0.45,1.706,0.45,0.634,-0.125,1.0,0.571,0.1,0.0,-0.0,0.0,-0.25,0.804,0.482,0.55,8,0.5,1000,50,1X+2X
207,4.168,0.45,1.728,0.45,0.634,-0.125,1.0,0.571,0.1,0.0,-0.0,0.0,-0.25,0.804,0.482,0.55,8,0.5,1000,50,1X+2X
208,4.151,0.45,1.749,0.45,0.634,-0.125,1.0,0.571,0.1,0.0,-0.0,0.0,-0.25,0.804,0.482,0.55,8,0.5,1000,50,1X+2X
209,4.159,0.45,1.729,0.45,0.634,-0.125,1.0,0.571,0.1,0.0,-0.0,0.0,-0.25,0.804,0.482,0.55,8,0.5,1000,50,1X+2X
210,4.14,0.45,1.744,0.45,0.634,-0.125,1.0,0.571,0.1,0.0,-0.0,0.0,-0.25,0.804,0.482,0.55,8,0.5,1000,50,1X+2X
211,4.182,0.45,1.711,0.45,0.634,-0.125,1.0,0.571,0.1,0.0,-0.0,0.0,-0.25,0.804,0.482,0.55,8,0.5,1000,50,1X+2X
212,4.135,0.45,1.745,0.45,0.634,-0.125,1.0,0.571,0.1,0.0,-0.0,0.0,-0.25,0.804,0.482,0.55,8,0.5,1000,50,1X+2X
213,4.131,0.45,1.704,0.45,0.634,-0.125,1.0,0.571,0.1,0.0,-0.0,0.0,-0.25,0.804,0.482,0.55,8,0.5,1000,50,1X+2X
214,4.123,0.45,1.722,0.45,0.634,-0.125,1.0,0.571,0.1,0.0,-0.0,0.0,-0.25,0.804,0.482,0.55,8,0.5,1000,50,1X+2X
215,4.138,0.45,1.723,0.45,0.634,-0.125,1.0,0.571,0.1,0.0,-0.0,0.0,-0.25,0.804,0.482,0.55,8,0.5,1000,50,1X+2X
216,4.138,0.45,1.742,0.45,0.634,-0.125,1.0,0.571,0.1,0.0,-0.0,0.0,-0.25,0.804,0.482,0.55,8,0.5,1000,50,1X+2X
217,4.125,0.45,1.73,0.45,0.634,-0.125,1.0,0.571,0.1,0.0,-0.0,0.0,-0.25,0.804,0.482,0.55,8,0.5,1000,50,1X+2X
218,4.184,0.45,1.744,0.45,0.634,-0.125,1.0,0.571,0.1,0.0,-0.0,0.0,-0.25,0.804,0.482,0.55,8,0.5,1000,50,1X+2X
219,4.166,0.45,1.753,0.45,0.634,-0.125,1.0,0.571,0.1,0.0,-0.0,0.0,-0.25,0.804,0.482,0.55,8,0.5,1000,50,1X+2X
220,4.189,0.45,1.775,0.45,0.634,-0.125,1.0,0.571,0.1,0.0,-0.0,0.0,-0.25,0.804,0.482,0.55,8,0.5,1000,50,1X+2X
221,4.16,0.45,1.748,0.45,0.634,-0.125,1.0,0.571,0.1,0.0,-0.0,0.0,-0.25,0.804,0.482,0.55,8,0.5,1000,50,1X+2X
222,4.16,0.45,1.735,0.45,0.634,-0.125,1.0,0.571,0.1,0.0,-0.0,0.0,-0.25,0.804,0.482,0.55,8,0.5,1000,50,1X+2X
223,4.201,0.45,1.756,0.45,0.634,-0.125,1.0,0.571,0.1,0.0,-0.0,0.0,-0.25,0.804,0.482,0.55,8,0.5,1000,50,1X+2X
224,4.146,0.45,1.731,0.45,0.634,-0.125,1.0,0.571,0.1,0.0,-0.0,0.0,-0.25,0.804,0.482,0.55,8,0.5,1000,50,1X+2X
225,4.1,0.45,1.725,0.45,0.634,-0.125,1.0,0.571,0.1,0.0,-0.0,0.0,-0.25,0.804,0.482,0.55,8,0.5,1000,50,1X+2X
226,4.094,0.45,1.701,0.45,0.634,-0.125,1.0,0.571,0.1,0.0,-0.0,0.0,-0.25,0.804,0.482,0.55,8,0.5,1000,50,1X+2X
227,4.148,0.45,1.741,0.45,0.634,-0.125,1.0,0.571,0.1,0.0,-0.0,0.0,-0.25,0.804,0.482,0.55,8,0.5,1000,50,1X+2X
228,4.152,0.45,1.737,0.45,0.634,-0.125,1.0,0.571,0.1,0.0,-0.0,0.0,-0.25,0.804,0.482,0.55,8,0.5,1000,50,1X+2X
229,4.114,0.45,1.739,0.45,0.634,-0.125,1.0,0.571,0.1,0.0,-0.0,0.0,-0.25,0.804,0.482,0.55,8,0.5,1000,50,1X+2X
230,4.207,0.45,1.74,0.45,0.634,-0.125,1.0,0.571,0.1,0.0,-0.0,0.0,-0.25,0.804,0.482,0.55,8,0.5,1000,50,1X+2X
231,4.137,0.45,1.741,0.45,0.634,-0.125,1.0,0.571,0.1,0.0,-0.0,0.0,-0.25,0.804,0.482,0.55,8,0.5,1000,50,1X+2X
232,4.19,0.45,1.738,0.45,0.634,-0.125,1.0,0.571,0.1,0.0,-0.0,0.0,-0.25,0.804,0.482,0.55,8,0.5,1000,50,1X+2X
233,4.133,0.45,1.727,0.45,0.634,-0.125,1.0,0.571,0.1,0.0,-0.0,0.0,-0.25,0.804,0.482,0.55,8,0.5,1000,50,1X+2X
234,4.162,0.45,1.734,0.45,0.634,-0.125,1.0,0.571,0.1,0.0,-0.0,0.0,-0.25,0.804,0.482,0.55,8,0.5,1000,50,1X+2X
235,4.19,0.45,1.735,0.45,0.634,-0.125,1.0,0.571,0.1,0.0,-0.0,0.0,-0.25,0.804,0.482,0.55,8,0.5,1000,50,1X+2X
236,4.181,0.45,1.739,0.45,0.634,-0.125,1.0,0.571,0.1,0.0,-0.0,0.0,-0.25,0.804,0.482,0.55,8,0.5,1000,50,1X+2X
237,4.169,0.45,1.733,0.45,0.634,-0.125,1.0,0.571,0.1,0.0,-0.0,0.0,-0.25,0.804,0.482,0.55,8,0.5,1000,50,1X+2X
238,4.145,0.45,1.72,0.45,0.634,-0.125,1.0,0.571,0.1,0.0,-0.0,0.0,-0.25,0.804,0.482,0.55,8,0.5,1000,50,1X+2X
239,4.173,0.45,1.715,0.45,0.634,-0.125,1.0,0.571,0.1,0.0,-0.0,0.0,-0.25,0.804,0.482,0.55,8,0.5,1000,50,1X+2X
240,4.137,0.45,1.738,0.45,0.634,-0.125,1.0,0.571,0.1,0.0,-0.0,0.0,-0.25,0.804,0.482,0.55,8,0.5,1000,50,1X+2X
241,4.216,0.45,1.754,0.45,0.634,-0.125,1.0,0.571,0.1,0.0,-0.0,0.0,-0.25,0.804,0.482,0.55,8,0.5,1000,50,1X+2X
242,4.164,0.45,1.744,0.45,0.634,-0.125,1.0,0.571,0.1,0.0,-0.0,0.0,-0.25,0.804,0.482,0.55,8,0.5,1000,50,1X+2X
243,4.158,0.45,1.745,0.45,0.634,-0.125,1.0,0.571,0.1,0.0,-0.0,0.0,-0.25,0.804,0.482,0.55,8,0.5,1000,50,1X+2X
244,4.121,0.45,1.744,0.45,0.634,-0.125,1.0,0.571,0.1,0.0,-0.0,0.0,-0.25,0.804,0.482,0.55,8,0.5,1000,50,1X+2X
245,4.163,0.45,1.747,0.45,0.634,-0.125,1.0,0.571,0.1,0.0,-0.0,0.0,-0.25,0.804,0.482,0.55,8,0.5,1000,50,1X+2X
246,4.164,0.45,1.695,0.45,0.634,-0.125,1.0,0.571,0.1,0.0,-0.0,0.0,-0.25,0.804,0.482,0.55,8,0.5,1000,50,1X+2X
247,4.161,0.45,1.712,0.45,0.634,-0.125,1.0,0.571,0.1,0.0,-0.0,0.0,-0.25,0.804,0.482,0.55,8,0.5,1000,50,1X+2X
248,4.143,0.45,1.757,0.45,0.634,-0.125,1.0,0.571,0.1,0.0,-0.0,0.0,-0.25,0.804,0.482,0.55,8,0.5,1000,50,1X+2X
249,4.184,0.45,1.733,0.45,0.634,-0.125,1.0,0.571,0.1,0.0,-0.0,0.0,-0.25,0.804,0.482,0.55,8,0.5,1000,50,1X+2X
250,4.175,0.45,1.76,0.45,0.634,-0.125,1.0,0.571,0.1,0.0,-0.0,0.0,-0.25,0.804,0.482,0.55,8,0.5,1000,50,1X+2X
251,4.142,0.45,1.742,0.45,0.634,-0.125,1.0,0.571,0.1,0.0,-0.0,0.0,-0.25,0.804,0.482,0.55,8,0.5,1000,50,1X+2X
252,4.158,0.45,1.706,0.45,0.634,-0.125,1.0,0.571,0.1,0.0,-0.0,0.0,-0.25,0.804,0.482,0.55,8,0.5,1000,50,1X+2X
253,4.175,0.45,1.751,0.45,0.634,-0.125,1.0,0.571,0.1,0.0,-0.0,0.0,-0.25,0.804,0.482,0.55,8,0.5,1000,50,1X+2X
254,4.118,0.45,1.743,0.45,0.634,-0.125,1.0,0.571,0.1,0.0,-0.0,0.0,-0.25,0.804,0.482,0.55,8,0.5,1000,50,1X+2X
255,4.091,0.45,1.708,0.45,0.634,-0.125,1.0,0.571,0.1,0.0,-0.0,0.0,-0.25,0.804,0.482,0.55,8,0.5,1000,50,1X+2X
256,4.221,0.45,1.745,0.45,0.634,-0.125,1.0,0.571,0.1,0.0,-0.0,0.0,-0.25,0.804,0.482,0.55,8,0.5,1000,50,1X+2X
257,4.21,0.45,1.759,0.45,0.634,-0.125,1.0,0.571,0.1,0.0,-0.0,0.0,-0.25,0.804,0.482,0.55,8,0.5,1000,50,1X+2X
258,4.15,0.45,1.711,0.45,0.634,-0.125,1.0,0.571,0.1,0.0,-0.0,0.0,-0.25,0.804,0.482,0.55,8,0.5,1000,50,1X+2X
259,4.201,0.45,1.734,0.45,0.634,-0.125,1.0,0.571,0.1,0.0,-0.0,0.0,-0.25,0.804,0.482,0.55,8,0.5,1000,50,1X+2X
260,4.188,0.45,1.727,0.45,0.634,-0.125,1.0,0.571,0.1,0.0,-0.0,0.0,-0.25,0.804,0.482,0.55,8,0.5,1000,50,1X+2X
261,4.176,0.45,1.733,0.45,0.634,-0.125,1.0,0.571,0.1,0.0,-0.0,0.0,-0.25,0.804,0.482,0.55,8,0.5,1000,50,1X+2X
262,4.135,0.45,1.724,0.45,0.634,-0.125,1.0,0.571,0.1,0.0,-0.0,0.0,-0.25,0.804,0.482,0.55,8,0.5,1000,50,1X+2X
263,4.134,0.45,1.724,0.45,0.634,-0.125,1.0,0.571,0.1,0.0,-0.0,0.0,-0.25,0.804,0.482,0.55,8,0.5,1000,50,1X+2X
264,4.151,0.45,1.73,0.45,0.634,-0.125,1.0,0.571,0.1,0.0,-0.0,0.0,-0.25,0.804,0.482,0.55,8,0.5,1000,50,1X+2X
265,4.185,0.45,1.726,0.45,0.634,-0.125,1.0,0.571,0.1,0.0,-0.0,0.0,-0.25,0.804,0.482,0.55,8,0.5,1000,50,1X+2X
266,4.168,0.45,1.749,0.45,0.634,-0.125,1.0,0.571,0.1,0.0,-0.0,0.0,-0.25,0.804,0.482,0.55,8,0.5,1000,50,1X+2X
267,4.135,0.45,1.741,0.45,0.634,-0.125,1.0,0.571,0.1,0.0,-0.0,0.0,-0.25,0.804,0.482,0.55,8,0.5,1000,50,1X+2X
268,4.174,0.45,1.722,0.45,0.634,-0.125,1.0,0.571,0.1,0.0,-0.0,0.0,-0.25,0.804,0.482,0.55,8,0.5,1000,50,1X+2X
269,4.136,0.45,1.736,0.45,0.634,-0.125,1.0,0.571,0.1,0.0,-0.0,0.0,-0.25,0.804,0.482,0.55,8,0.5,1000,50,1X+2X
270,4.17,0.45,1.718,0.45,0.634,-0.125,1.0,0.571,0.1,0.0,-0.0,0.0,-0.25,0.804,0.482,0.55,8,0.5,1000,50,1X+2X
271,4.151,0.45,1.715,0.45,0.634,-0.125,1.0,0.571,0.1,0.0,-0.0,0.0,-0.25,0.804,0.482,0.55,8,0.5,1000,50,1X+2X
272,4.206,0.45,1.736,0.45,0.634,-0.125,1.0,0.571,0.1,0.0,-0.0,0.0,-0.25,0.804,0.482,0.55,8,0.5,1000,50,1X+2X
273,4.162,0.45,1.746,0.45,0.634,-0.125,1.0,0.571,0.1,0.0,-0.0,0.0,-0.25,0.804,0.482,0.55,8,0.5,1000,50,1X+2X
274,4.177,0.45,1.739,0.45,0.634,-0.125,1.0,0.571,0.1,0.0,-0.0,0.0,-0.25,0.804,0.482,0.55,8,0.5,1000,50,1X+2X
275,4.194,0.45,1.742,0.45,0.634,-0.125,1.0,0.571,0.1,0.0,-0.0,0.0,-0.25,0.804,0.482,0.55,8,0.5,1000,50,1X+2X
276,4.187,0.45,1.716,0.45,0.634,-0.125,1.0,0.571,0.1,0.0,-0.0,0.0,-0.25,0.804,0.482,0.55,8,0.5,1000,50,1X+2X
277,4.205,0.45,1.748,0.45,0.634,-0.125,1.0,0.571,0.1,0.0,-0.0,0.0,-0.25,0.804,0.482,0.55,8,0.5,1000,50,1X+2X
278,4.147,0.45,1.723,0.45,0.634,-0.125,1.0,0.571,0.1,0.0,-0.0,0.0,-0.25,0.804,0.482,0.55,8,0.5,1000,50,1X+2X
279,4.196,0.45,1.725,0.45,0.634,-0.125,1.0,0.571,0.1,0.0,-0.0,0.0,-0.25,0.804,0.482,0.55,8,0.5,1000,50,1X+2X
280,4.173,0.45,1.755,0.45,0.634,-0.125,1.0,0.571,0.1,0.0,-0.0,0.0,-0.25,0.804,0.482,0.55,8,0.5,1000,50,1X+2X
281,4.155,0.45,1.721,0.45,0.634,-0.125,1.0,0.571,0.1,0.0,-0.0,0.0,-0.25,0.804,0.482,0.55,8,0.5,1000,50,1X+2X
282,4.156,0.45,1.747,0.45,0.634,-0.125,1.0,0.571,0.1,0.0,-0.0,0.0,-0.25,0.804,0.482,0.55,8,0.5,1000,50,1X+2X
283,4.145,0.45,1.731,0.45,0.634,-0.125,1.0,0.571,0.1,0.0,-0.0,0.0,-0.25,0.804,0.482,0.55,8,0.5,1000,50,1X+2X
284,4.113,0.45,1.746,0.45,0.634,-0.125,1.0,0.571,0.1,0.0,-0.0,0.0,-0.25,0.804,0.482,0.55,8,0.5,1000,50,1X+2X
285,4.139,0.45,1.722,0.45,0.634,-0.125,1.0,0.571,0.1,0.0,-0.0,0.0,-0.25,0.804,0.482,0.55,8,0.5,1000,50,1X+2X
286,4.171,0.45,1.716,0.45,0.634,-0.125,1.0,0.571,0.1,0.0,-0.0,0.0,-0.25,0.804,0.482,0.55,8,0.5,1000,50,1X+2X
287,4.21,0.45,1.74,0.45,0.634,-0.125,1.0,0.571,0.1,0.0,-0.0,0.0,-0.25,0.804,0.482,0.55,8,0.5,1000,50,1X+2X
288,4.153,0.45,1.746,0.45,0.634,-0.125,1.0,0.571,0.1,0.0,-0.0,0.0,-0.25,0.804,0.482,0.55,8,0.5,1000,50,1X+2X
289,4.133,0.45,1.746,0.45,0.634,-0.125,1.0,0.571,0.1,0.0,-0.0,0.0,-0.25,0.804,0.482,0.55,8,0.5,1000,50,1X+2X
290,4.125,0.45,1.716,0.45,0.634,-0.125,1.0,0.571,0.1,0.0,-0.0,0.0,-0.25,0.804,0.482,0.55,8,0.5,1000,50,1X+2X
291,4.211,0.45,1.728,0.45,0.634,-0.125,1.0,0.571,0.1,0.0,-0.0,0.0,-0.25,0.804,0.482,0.55,8,0.5,1000,50,1X+2X
292,4.225,0.45,1.734,0.45,0.634,-0.125,1.0,0.571,0.1,0.0,-0.0,0.0,-0.25,0.804,0.482,0.55,8,0.5,1000,50,1X+2X
293,4.122,0.45,1.72,0.45,0.634,-0.125,1.0,0.571,0.1,0.0,-0.0,0.0,-0.25,0.804,0.482,0.55,8,0.5,1000,50,1X+2X
294,4.164,0.45,1.725,0.45,0.634,-0.125,1.0,0.571,0.1,0.0,-0.0,0.0,-0.25,0.804,0.482,0.55,8,0.5,1000,50,1X+2X
295,4.18,0.45,1.739,0.45,0.634,-0.125,1.0,0.571,0.1,0.0,-0.0,0.0,-0.25,0.804,0.482,0.55,8,0.5,1000,50,1X+2X
296,4.136,0.45,1.723,0.45,0.634,-0.125,1.0,0.571,0.1,0.0,-0.0,0.0,-0.25,0.804,0.482,0.55,8,0.5,1000,50,1X+2X
297,4.156,0.45,1.758,0.45,0.634,-0.125,1.0,0.571,0.1,0.0,-0.0,0.0,-0.25,0.804,0.482,0.55,8,0.5,1000,50,1X+2X
298,4.126,0.45,1.694,0.45,0.634,-0.125,1.0,0.571,0.1,0.0,-0.0,0.0,-0.25,0.804,0.482,0.55,8,0.5,1000,50,1X+2X
299,4.152,0.45,1.734,0.45,0.634,-0.125,1.0,0.571,0.1,0.0,-0.0,0.0,-0.25,0.804,0.482,0.55,8,0.5,1000,50,1X+2X
300,4.169,0.45,1.739,0.45,0.634,-0.125,1.0,0.571,0.1,0.0,-0.0,0.0,-0.25,0.804,0.482,0.55,8,0.5,1000,50,1X+2X
301,4.198,0.45,1.765,0.45,0.634,-0.125,1.0,0.571,0.1,0.0,-0.0,0.0,-0.25,0.804,0.482,0.55,8,0.5,1000,50,1X+2X
302,4.123,0.45,1.753,0.45,0.634,-0.125,1.0,0.571,0.1,0.0,-0.0,0.0,-0.25,0.804,0.482,0.55,8,0.5,1000,50,1X+2X
303,4.2,0.45,1.747,0.45,0.634,-0.125,1.0,0.571,0.1,0.0,-0.0,0.0,-0.25,0.804,0.482,0.55,8,0.5,1000,50,1X+2X
304,4.16,0.45,1.742,0.45,0.634,-0.125,1.0,0.571,0.1,0.0,-0.0,0.0,-0.25,0.804,0.482,0.55,8,0.5,1000,50,1X+2X
305,4.192,0.45,1.738,0.45,0.634,-0.125,1.0,0.571,0.1,0.0,-0.0,0.0,-0.25,0.804,0.482,0.55,8,0.5,1000,50,1X+2X
306,4.172,0.45,1.742,0.45,0.634,-0.125,1.0,0.571,0.1,0.0,-0.0,0.0,-0.25,0.804,0.482,0.55,8,0.5,1000,50,1X+2X
307,4.19,0.45,1.747,0.45,0.634,-0.125,1.0,0.571,0.1,0.0,-0.0,0.0,-0.25,0.804,0.482,0.55,8,0.5,1000,50,1X+2X
308,4.186,0.45,1.745,0.45,0.634,-0.125,1.0,0.571,0.1,0.0,-0.0,0.0,-0.25,0.804,0.482,0.55,8,0.5,1000,50,1X+2X
309,4.157,0.45,1.737,0.45,0.634,-0.125,1.0,0.571,0.1,0.0,-0.0,0.0,-0.25,0.804,0.482,0.55,8,0.5,1000,50,1X+2X
310,4.182,0.45,1.73,0.45,0.634,-0.125,1.0,0.571,0.1,0.0,-0.0,0.0,-0.25,0.804,0.482,0.55,8,0.5,1000,50,1X+2X
311,4.152,0.45,1.718,0.45,0.634,-0.125,1.0,0.571,0.1,0.0,-0.0,0.0,-0.25,0.804,0.482,0.55,8,0.5,1000,50,1X+2X
312,4.135,0.45,1.734,0.45,0.634,-0.125,1.0,0.571,0.1,0.0,-0.0,0.0,-0.25,0.804,0.482,0.55,8,0.5,1000,50,1X+2X
313,4.138,0.45,1.701,0.45,0.634,-0.125,1.0,0.571,0.1,0.0,-0.0,0.0,-0.25,0.804,0.482,0.55,8,0.5,1000,50,1X+2X
314,4.171,0.45,1.729,0.45,0.634,-0.125,1.0,0.571,0.1,0.0,-0.0,0.0,-0.25,0.804,0.482,0.55,8,0.5,1000,50,1X+2X
315,4.118,0.45,1.689,0.45,0.634,-0.125,1.0,0.571,0.1,0.0,-0.0,0.0,-0.25,0.804,0.482,0.55,8,0.5,1000,50,1X+2X
316,4.176,0.45,1.73,0.45,0.634,-0.125,1.0,0.571,0.1,0.0,-0.0,0.0,-0.25,0.804,0.482,0.55,8,0.5,1000,50,1X+2X
317,4.142,0.45,1.72,0.45,0.634,-0.125,1.0,0.571,0.1,0.0,-0.0,0.0,-0.25,0.804,0.482,0.55,8,0.5,1000,50,1X+2X
318,4.144,0.45,1.706,0.45,0.634,-0.125,1.0,0.571,0.1,0.0,-0.0,0.0,-0.25,0.804,0.482,0.55,8,0.5,1000,50,1X+2X
319,4.087,0.45,1.709,0.45,0.634,-0.125,1.0,0.571,0.1,0.0,-0.0,0.0,-0.25,0.804,0.482,0.55,8,0.5,1000,50,1X+2X
320,4.153,0.45,1.707,0.45,0.634,-0.125,1.0,0.571,0.1,0.0,-0.0,0.0,-0.25,0.804,0.482,0.55,8,0.5,1000,50,1X+2X
321,4.192,0.45,1.733,0.45,0.634,-0.125,1.0,0.571,0.1,0.0,-0.0,0.0,-0.25,0.804,0.482,0.55,8,0.5,1000,50,1X+2X
322,4.223,0.45,1.726,0.45,0.634,-0.125,1.0,0.571,0.1,0.0,-0.0,0.0,-0.25,0.804,0.482,0.55,8,0.5,1000,50,1X+2X
323,4.136,0.45,1.724,0.45,0.634,-0.125,1.0,0.571,0.1,0.0,-0.0,0.0,-0.25,0.804,0.482,0.55,8,0.5,1000,50,1X+2X
324,4.162,0.45,1.74,0.45,0.634,-0.125,1.0,0.571,0.1,0.0,-0.0,0.0,-0.25,0.804,0.482,0.55,8,0.5,1000,50,1X+2X
325,4.168,0.45,1.764,0.45,0.634,-0.125,1.0,0.571,0.1,0.0,-0.0,0.0,-0.25,0.804,0.482,0.55,8,0.5,1000,50,1X+2X
326,4.173,0.45,1.734,0.45,0.634,-0.125,1.0,0.571,0.1,0.0,-0.0,0.0,-0.25,0.804,0.482,0.55,8,0.5,1000,50,1X+2X
327,4.156,0.45,1.749,0.45,0.634,-0.125,1.0,0.571,0.1,0.0,-0.0,0.0,-0.25,0.804,0.482,0.55,8,0.5,1000,50,1X+2X
328,4.138,0.45,1.728,0.45,0.634,-0.125,1.0,0.571,0.1,0.0,-0.0,0.0,-0.25,0.804,0.482,0.55,8,0.5,1000,50,1X+2X
329,4.159,0.45,1.746,0.45,0.634,-0.125,1.0,0.571,0.1,0.0,-0.0,0.0,-0.25,0.804,0.482,0.55,8,0.5,1000,50,1X+2X
330,4.165,0.45,1.745,0.45,0.634,-0.125,1.0,0.571,0.1,0.0,-0.0,0.0,-0.25,0.804,0.482,0.55,8,0.5,1000,50,1X+2X
331,4.109,0.45,1.692,0.45,0.634,-0.125,1.0,0.571,0.1,0.0,-0.0,0.0,-0.25,0.804,0.482,0.55,8,0.5,1000,50,1X+2X
332,4.149,0.45,1.745,0.45,0.634,-0.125,1.0,0.571,0.1,0.0,-0.0,0.0,-0.25,0.804,0.482,0.55,8,0.5,1000,50,1X+2X
333,4.221,0.45,1.735,0.45,0.634,-0.125,1.0,0.571,0.1,0.0,-0.0,0.0,-0.25,0.804,0.482,0.55,8,0.5,1000,50,1X+2X
334,4.118,0.45,1.733,0.45,0.634,-0.125,1.0,0.571,0.1,0.0,-0.0,0.0,-0.25,0.804,0.482,0.55,8,0.5,1000,50,1X+2X
335,4.155,0.45,1.741,0.45,0.634,-0.125,1.0,0.571,0.1,0.0,-0.0,0.0,-0.25,0.804,0.482,0.55,8,0.5,1000,50,1X+2X
336,4.184,0.45,1.721,0.45,0.634,-0.125,1.0,0.571,0.1,0.0,-0.0,0.0,-0.25,0.804,0.482,0.55,8,0.5,1000,50,1X+2X
337,4.154,0.45,1.734,0.45,0.634,-0.125,1.0,0.571,0.1,0.0,-0.0,0.0,-0.25,0.804,0.482,0.55,8,0.5,1000,50,1X+2X
338,4.145,0.45,1.726,0.45,0.634,-0.125,1.0,0.571,0.1,0.0,-0.0,0.0,-0.25,0.804,0.482,0.55,8,0.5,1000,50,1X+2X
339,4.125,0.45,1.725,0.45,0.634,-0.125,1.0,0.571,0.1,0.0,-0.0,0.0,-0.25,0.804,0.482,0.55,8,0.5,1000,50,1X+2X
340,4.158,0.45,1.739,0.45,0.634,-0.125,1.0,0.571,0.1,0.0,-0.0,0.0,-0.25,0.804,0.482,0.55,8,0.5,1000,50,1X+2X
341,4.16,0.45,1.74,0.45,0.634,-0.125,1.0,0.571,0.1,0.0,-0.0,0.0,-0.25,0.804,0.482,0.55,8,0.5,1000,50,1X+2X
342,4.198,0.45,1.702,0.45,0.634,-0.125,1.0,0.571,0.1,0.0,-0.0,0.0,-0.25,0.804,0.482,0.55,8,0.5,1000,50,1X+2X
343,4.091,0.45,1.736,0.45,0.634,-0.125,1.0,0.571,0.1,0.0,-0.0,0.0,-0.25,0.804,0.482,0.55,8,0.5,1000,50,1X+2X
344,4.168,0.45,1.721,0.45,0.634,-0.125,1.0,0.571,0.1,0.0,-0.0,0.0,-0.25,0.804,0.482,0.55,8,0.5,1000,50,1X+2X
345,4.151,0.45,1.759,0.45,0.634,-0.125,1.0,0.571,0.1,0.0,-0.0,0.0,-0.25,0.804,0.482,0.55,8,0.5,1000,50,1X+2X
346,4.165,0.45,1.73,0.45,0.634,-0.125,1.0,0.571,0.1,0.0,-0.0,0.0,-0.25,0.804,0.482,0.55,8,0.5,1000,50,1X+2X
347,4.163,0.45,1.722,0.45,0.634,-0.125,1.0,0.571,0.1,0.0,-0.0,0.0,-0.25,0.804,0.482,0.55,8,0.5,1000,50,1X+2X
348,4.09,0.45,1.716,0.45,0.634,-0.125,1.0,0.571,0.1,0.0,-0.0,0.0,-0.25,0.804,0.482,0.55,8,0.5,1000,50,1X+2X
349,4.192,0.45,1.743,0.45,0.634,-0.125,1.0,0.571,0.1,0.0,-0.0,0.0,-0.25,0.804,0.482,0.55,8,0.5,1000,50,1X+2X
350,4.12,0.45,1.72,0.45,0.634,-0.125,1.0,0.571,0.1,0.0,-0.0,0.0,-0.25,0.804,0.482,0.55,8,0.5,1000,50,1X+2X
351,4.134,0.45,1.719,0.45,0.634,-0.125,1.0,0.571,0.1,0.0,-0.0,0.0,-0.25,0.804,0.482,0.55,8,0.5,1000,50,1X+2X
352,4.175,0.45,1.736,0.45,0.634,-0.125,1.0,0.571,0.1,0.0,-0.0,0.0,-0.25,0.804,0.482,0.55,8,0.5,1000,50,1X+2X
353,4.169,0.45,1.72,0.45,0.634,-0.125,1.0,0.571,0.1,0.0,-0.0,0.0,-0.25,0.804,0.482,0.55,8,0.5,1000,50,1X+2X
354,4.216,0.45,1.761,0.45,0.634,-0.125,1.0,0.571,0.1,0.0,-0.0,0.0,-0.25,0.804,0.482,0.55,8,0.5,1000,50,1X+2X
355,4.222,0.45,1.749,0.45,0.634,-0.125,1.0,0.571,0.1,0.0,-0.0,0.0,-0.25,0.804,0.482,0.55,8,0.5,1000,50,1X+2X
356,4.157,0.45,1.726,0.45,0.634,-0.125,1.0,0.571,0.1,0.0,-0.0,0.0,-0.25,0.804,0.482,0.55,8,0.5,1000,50,1X+2X
357,4.173,0.45,1.735,0.45,0.634,-0.125,1.0,0.571,0.1,0.0,-0.0,0.0,-0.25,0.804,0.482,0.55,8,0.5,1000,50,1X+2X
358,4.173,0.45,1.761,0.45,0.634,-0.125,1.0,0.571,0.1,0.0,-0.0,0.0,-0.25,0.804,0.482,0.55,8,0.5,1000,50,1X+2X
359,4.189,0.45,1.745,0.45,0.634,-0.125,1.0,0.571,0.1,0.0,-0.0,0.0,-0.25,0.804,0.482,0.55,8,0.5,1000,50,1X+2X
360,4.148,0.45,1.693,0.45,0.634,-0.125,1.0,0.571,0.1,0.0,-0.0,0.0,-0.25,0.804,0.482,0.55,8,0.5,1000,50,1X+2X
361,4.211,0.45,1.769,0.45,0.634,-0.125,1.0,0.571,0.1,0.0,-0.0,0.0,-0.25,0.804,0.482,0.55,8,0.5,1000,50,1X+2X
362,4.184,0.45,1.732,0.45,0.634,-0.125,1.0,0.571,0.1,0.0,-0.0,0.0,-0.25,0.804,0.482,0.55,8,0.5,1000,50,1X+2X
363,4.178,0.45,1.736,0.45,0.634,-0.125,1.0,0.571,0.1,0.0,-0.0,0.0,-0.25,0.804,0.482,0.55,8,0.5,1000,50,1X+2X
364,4.201,0.45,1.766,0.45,0.634,-0.125,1.0,0.571,0.1,0.0,-0.0,0.0,-0.25,0.804,0.482,0.55,8,0.5,1000,50,1X+2X
365,4.16,0.45,1.754,0.45,0.634,-0.125,1.0,0.571,0.1,0.0,-0.0,0.0,-0.25,0.804,0.482,0.55,8,0.5,1000,50,1X+2X
366,4.169,0.45,1.724,0.45,0.634,-0.125,1.0,0.571,0.1,0.0,-0.0,0.0,-0.25,0.804,0.482,0.55,8,0.5,1000,50,1X+2X
367,4.178,0.45,1.739,0.45,0.634,-0.125,1.0,0.571,0.1,0.0,-0.0,0.0,-0.25,0.804,0.482,0.55,8,0.5,1000,50,1X+2X
368,4.192,0.45,1.716,0.45,0.634,-0.125,1.0,0.571,0.1,0.0,-0.0,0.0,-0.25,0.804,0.482,0.55,8,0.5,1000,50,1X+2X
369,4.175,0.45,1.71,0.45,0.634,-0.125,1.0,0.571,0.1,0.0,-0.0,0.0,-0.25,0.804,0.482,0.55,8,0.5,1000,50,1X+2X
370,4.179,0.45,1.762,0.45,0.634,-0.125,1.0,0.571,0.1,0.0,-0.0,0.0,-0.25,0.804,0.482,0.55,8,0.5,1000,50,1X+2X
371,4.223,0.45,1.75,0.45,0.634,-0.125,1.0,0.571,0.1,0.0,-0.0,0.0,-0.25,0.804,0.482,0.55,8,0.5,1000,50,1X+2X
372,4.173,0.45,1.719,0.45,0.634,-0.125,1.0,0.571,0.1,0.0,-0.0,0.0,-0.25,0.804,0.482,0.55,8,0.5,1000,50,1X+2X
373,4.183,0.45,1.746,0.45,0.634,-0.125,1.0,0.571,0.1,0.0,-0.0,0.0,-0.25,0.804,0.482,0.55,8,0.5,1000,50,1X+2X
374,4.165,0.45,1.758,0.45,0.634,-0.125,1.0,0.571,0.1,0.0,-0.0,0.0,-0.25,0.804,0.482,0.55,8,0.5,1000,50,1X+2X
375,4.152,0.45,1.706,0.45,0.634,-0.125,1.0,0.571,0.1,0.0,-0.0,0.0,-0.25,0.804,0.482,0.55,8,0.5,1000,50,1X+2X
376,4.156,0.45,1.726,0.45,0.634,-0.125,1.0,0.571,0.1,0.0,-0.0,0.0,-0.25,0.804,0.482,0.55,8,0.5,1000,50,1X+2X
377,4.152,0.45,1.738,0.45,0.634,-0.125,1.0,0.571,0.1,0.0,-0.0,0.0,-0.25,0.804,0.482,0.55,8,0.5,1000,50,1X+2X
378,4.189,0.45,1.745,0.45,0.634,-0.125,1.0,0.571,0.1,0.0,-0.0,0.0,-0.25,0.804,0.482,0.55,8,0.5,1000,50,1X+2X
379,4.148,0.45,1.74,0.45,0.634,-0.125,1.0,0.571,0.1,0.0,-0.0,0.0,-0.25,0.804,0.482,0.55,8,0.5,1000,50,1X+2X
380,4.168,0.45,1.743,0.45,0.634,-0.125,1.0,0.571,0.1,0.0,-0.0,0.0,-0.25,0.804,0.482,0.55,8,0.5,1000,50,1X+2X
381,4.171,0.45,1.708,0.45,0.634,-0.125,1.0,0.571,0.1,0.0,-0.0,0.0,-0.25,0.804,0.482,0.55,8,0.5,1000,50,1X+2X
382,4.16,0.45,1.7,0.45,0.634,-0.125,1.0,0.571,0.1,0.0,-0.0,0.0,-0.25,0.804,0.482,0.55,8,0.5,1000,50,1X+2X
383,4.158,0.45,1.741,0.45,0.634,-0.125,1.0,0.571,0.1,0.0,-0.0,0.0,-0.25,0.804,0.482,0.55,8,0.5,1000,50,1X+2X
384,4.112,0.45,1.721,0.45,0.634,-0.125,1.0,0.571,0.1,0.0,-0.0,0.0,-0.25,0.804,0.482,0.55,8,0.5,1000,50,1X+2X
385,4.158,0.45,1.729,0.45,0.634,-0.125,1.0,0.571,0.1,0.0,-0.0,0.0,-0.25,0.804,0.482,0.55,8,0.5,1000,50,1X+2X
386,4.097,0.45,1.696,0.45,0.634,-0.125,1.0,0.571,0.1,0.0,-0.0,0.0,-0.25,0.804,0.482,0.55,8,0.5,1000,50,1X+2X
387,4.116,0.45,1.731,0.45,0.634,-0.125,1.0,0.571,0.1,0.0,-0.0,0.0,-0.25,0.804,0.482,0.55,8,0.5,1000,50,1X+2X
388,4.1,0.45,1.696,0.45,0.634,-0.125,1.0,0.571,0.1,0.0,-0.0,0.0,-0.25,0.804,0.482,0.55,8,0.5,1000,50,1X+2X
389,4.186,0.45,1.751,0.45,0.634,-0.125,1.0,0.571,0.1,0.0,-0.0,0.0,-0.25,0.804,0.482,0.55,8,0.5,1000,50,1X+2X
390,4.121,0.45,1.726,0.45,0.634,-0.125,1.0,0.571,0.1,0.0,-0.0,0.0,-0.25,0.804,0.482,0.55,8,0.5,1000,50,1X+2X
391,4.107,0.45,1.701,0.45,0.634,-0.125,1.0,0.571,0.1,0.0,-0.0,0.0,-0.25,0.804,0.482,0.55,8,0.5,1000,50,1X+2X
392,4.165,0.45,1.714,0.45,0.634,-0.125,1.0,0.571,0.1,0.0,-0.0,0.0,-0.25,0.804,0.482,0.55,8,0.5,1000,50,1X+2X
393,4.147,0.45,1.722,0.45,0.634,-0.125,1.0,0.571,0.1,0.0,-0.0,0.0,-0.25,0.804,0.482,0.55,8,0.5,1000,50,1X+2X
394,4.122,0.45,1.725,0.45,0.634,-0.125,1.0,0.571,0.1,0.0,-0.0,0.0,-0.25,0.804,0.482,0.55,8,0.5,1000,50,1X+2X
395,4.199,0.45,1.741,0.45,0.634,-0.125,1.0,0.571,0.1,0.0,-0.0,0.0,-0.25,0.804,0.482,0.55,8,0.5,1000,50,1X+2X
396,4.149,0.45,1.728,0.45,0.634,-0.125,1.0,0.571,0.1,0.0,-0.0,0.0,-0.25,0.804,0.482,0.55,8,0.5,1000,50,1X+2X
397,4.138,0.45,1.763,0.45,0.634,-0.125,1.0,0.571,0.1,0.0,-0.0,0.0,-0.25,0.804,0.482,0.55,8,0.5,1000,50,1X+2X
398,4.172,0.45,1.731,0.45,0.634,-0.125,1.0,0.571,0.1,0.0,-0.0,0.0,-0.25,0.804,0.482,0.55,8,0.5,1000,50,1X+2X
399,4.12,0.45,1.733,0.45,0.634,-0.125,1.0,0.571,0.1,0.0,-0.0,0.0,-0.25,0.804,0.482,0.55,8,0.5,1000,50,1X+2X
400,4.155,0.45,1.711,0.45,0.634,-0.125,1.0,0.571,0.1,0.0,-0.0,0.0,-0.25,0.804,0.482,0.55,8,0.5,1000,50,1X+2X
401,4.138,0.45,1.721,0.45,0.634,-0.125,1.0,0.571,0.1,0.0,-0.0,0.0,-0.25,0.804,0.482,0.55,8,0.5,1000,50,1X+2X
402,4.192,0.45,1.744,0.45,0.634,-0.125,1.0,0.571,0.1,0.0,-0.0,0.0,-0.25,0.804,0.482,0.55,8,0.5,1000,50,1X+2X
403,4.125,0.45,1.727,0.45,0.634,-0.125,1.0,0.571,0.1,0.0,-0.0,0.0,-0.25,0.804,0.482,0.55,8,0.5,1000,50,1X+2X
404,4.201,0.45,1.745,0.45,0.634,-0.125,1.0,0.571,0.1,0.0,-0.0,0.0,-0.25,0.804,0.482,0.55,8,0.5,1000,50,1X+2X
405,4.181,0.45,1.722,0.45,0.634,-0.125,1.0,0.571,0.1,0.0,-0.0,0.0,-0.25,0.804,0.482,0.55,8,0.5,1000,50,1X+2X
406,4.143,0.45,1.755,0.45,0.634,-0.125,1.0,0.571,0.1,0.0,-0.0,0.0,-0.25,0.804,0.482,0.55,8,0.5,1000,50,1X+2X
407,4.133,0.45,1.74,0.45,0.634,-0.125,1.0,0.571,0.1,0.0,-0.0,0.0,-0.25,0.804,0.482,0.55,8,0.5,1000,50,1X+2X
408,4.146,0.45,1.728,0.45,0.634,-0.125,1.0,0.571,0.1,0.0,-0.0,0.0,-0.25,0.804,0.482,0.55,8,0.5,1000,50,1X+2X
409,4.14,0.45,1.739,0.45,0.634,-0.125,1.0,0.571,0.1,0.0,-0.0,0.0,-0.25,0.804,0.482,0.55,8,0.5,1000,50,1X+2X
410,4.136,0.45,1.728,0.45,0.634,-0.125,1.0,0.571,0.1,0.0,-0.0,0.0,-0.25,0.804,0.482,0.55,8,0.5,1000,50,1X+2X
411,4.121,0.45,1.75,0.45,0.634,-0.125,1.0,0.571,0.1,0.0,-0.0,0.0,-0.25,0.804,0.482,0.55,8,0.5,1000,50,1X+2X
412,4.15,0.45,1.701,0.45,0.634,-0.125,1.0,0.571,0.1,0.0,-0.0,0.0,-0.25,0.804,0.482,0.55,8,0.5,1000,50,1X+2X
413,4.151,0.45,1.744,0.45,0.634,-0.125,1.0,0.571,0.1,0.0,-0.0,0.0,-0.25,0.804,0.482,0.55,8,0.5,1000,50,1X+2X
414,4.09,0.45,1.671,0.45,0.634,-0.125,1.0,0.571,0.1,0.0,-0.0,0.0,-0.25,0.804,0.482,0.55,8,0.5,1000,50,1X+2X
415,4.158,0.45,1.735,0.45,0.634,-0.125,1.0,0.571,0.1,0.0,-0.0,0.0,-0.25,0.804,0.482,0.55,8,0.5,1000,50,1X+2X
416,4.151,0.45,1.717,0.45,0.634,-0.125,1.0,0.571,0.1,0.0,-0.0,0.0,-0.25,0.804,0.482,0.55,8,0.5,1000,50,1X+2X
417,4.166,0.45,1.725,0.45,0.634,-0.125,1.0,0.571,0.1,0.0,-0.0,0.0,-0.25,0.804,0.482,0.55,8,0.5,1000,50,1X+2X
418,4.119,0.45,1.725,0.45,0.634,-0.125,1.0,0.571,0.1,0.0,-0.0,0.0,-0.25,0.804,0.482,0.55,8,0.5,1000,50,1X+2X
419,4.078,0.45,1.704,0.45,0.634,-0.125,1.0,0.571,0.1,0.0,-0.0,0.0,-0.25,0.804,0.482,0.55,8,0.5,1000,50,1X+2X
420,4.157,0.45,1.725,0.45,0.634,-0.125,1.0,0.571,0.1,0.0,-0.0,0.0,-0.25,0.804,0.482,0.55,8,0.5,1000,50,1X+2X
421,4.132,0.45,1.729,0.45,0.634,-0.125,1.0,0.571,0.1,0.0,-0.0,0.0,-0.25,0.804,0.482,0.55,8,0.5,1000,50,1X+2X
422,4.162,0.45,1.737,0.45,0.634,-0.125,1.0,0.571,0.1,0.0,-0.0,0.0,-0.25,0.804,0.482,0.55,8,0.5,1000,50,1X+2X
423,4.143,0.45,1.73,0.45,0.634,-0.125,1.0,0.571,0.1,0.0,-0.0,0.0,-0.25,0.804,0.482,0.55,8,0.5,1000,50,1X+2X
424,4.11,0.45,1.702,0.45,0.634,-0.125,1.0,0.571,0.1,0.0,-0.0,0.0,-0.25,0.804,0.482,0.55,8,0.5,1000,50,1X+2X
425,4.148,0.45,1.721,0.45,0.634,-0.125,1.0,0.571,0.1,0.0,-0.0,0.0,-0.25,0.804,0.482,0.55,8,0.5,1000,50,1X+2X
426,4.143,0.45,1.737,0.45,0.634,-0.125,1.0,0.571,0.1,0.0,-0.0,0.0,-0.25,0.804,0.482,0.55,8,0.5,1000,50,1X+2X
427,4.175,0.45,1.713,0.45,0.634,-0.125,1.0,0.571,0.1,0.0,-0.0,0.0,-0.25,0.804,0.482,0.55,8,0.5,1000,50,1X+2X
428,4.166,0.45,1.715,0.45,0.634,-0.125,1.0,0.571,0.1,0.0,-0.0,0.0,-0.25,0.804,0.482,0.55,8,0.5,1000,50,1X+2X
429,4.134,0.45,1.744,0.45,0.634,-0.125,1.0,0.571,0.1,0.0,-0.0,0.0,-0.25,0.804,0.482,0.55,8,0.5,1000,50,1X+2X
430,4.18,0.45,1.694,0.45,0.634,-0.125,1.0,0.571,0.1,0.0,-0.0,0.0,-0.25,0.804,0.482,0.55,8,0.5,1000,50,1X+2X
431,4.15,0.45,1.738,0.45,0.634,-0.125,1.0,0.571,0.1,0.0,-0.0,0.0,-0.25,0.804,0.482,0.55,8,0.5,1000,50,1X+2X
432,4.176,0.45,1.732,0.45,0.634,-0.125,1.0,0.571,0.1,0.0,-0.0,0.0,-0.25,0.804,0.482,0.55,8,0.5,1000,50,1X+2X
433,4.19,0.45,1.75,0.45,0.634,-0.125,1.0,0.571,0.1,0.0,-0.0,0.0,-0.25,0.804,0.482,0.55,8,0.5,1000,50,1X+2X
434,4.127,0.45,1.756,0.45,0.634,-0.125,1.0,0.571,0.1,0.0,-0.0,0.0,-0.25,0.804,0.482,0.55,8,0.5,1000,50,1X+2X
435,4.118,0.45,1.752,0.45,0.634,-0.125,1.0,0.571,0.1,0.0,-0.0,0.0,-0.25,0.804,0.482,0.55,8,0.5,1000,50,1X+2X
436,4.138,0.45,1.747,0.45,0.634,-0.125,1.0,0.571,0.1,0.0,-0.0,0.0,-0.25,0.804,0.482,0.55,8,0.5,1000,50,1X+2X
437,4.136,0.45,1.694,0.45,0.634,-0.125,1.0,0.571,0.1,0.0,-0.0,0.0,-0.25,0.804,0.482,0.55,8,0.5,1000,50,1X+2X
438,4.201,0.45,1.777,0.45,0.634,-0.125,1.0,0.571,0.1,0.0,-0.0,0.0,-0.25,0.804,0.482,0.55,8,0.5,1000,50,1X+2X
439,4.179,0.45,1.719,0.45,0.634,-0.125,1.0,0.571,0.1,0.0,-0.0,0.0,-0.25,0.804,0.482,0.55,8,0.5,1000,50,1X+2X
440,4.156,0.45,1.737,0.45,0.634,-0.125,1.0,0.571,0.1,0.0,-0.0,0.0,-0.25,0.804,0.482,0.55,8,0.5,1000,50,1X+2X
441,4.098,0.45,1.728,0.45,0.634,-0.125,1.0,0.571,0.1,0.0,-0.0,0.0,-0.25,0.804,0.482,0.55,8,0.5,1000,50,1X+2X
442,4.187,0.45,1.74,0.45,0.634,-0.125,1.0,0.571,0.1,0.0,-0.0,0.0,-0.25,0.804,0.482,0.55,8,0.5,1000,50,1X+2X
443,4.19,0.45,1.732,0.45,0.634,-0.125,1.0,0.571,0.1,0.0,-0.0,0.0,-0.25,0.804,0.482,0.55,8,0.5,1000,50,1X+2X
444,4.125,0.45,1.719,0.45,0.634,-0.125,1.0,0.571,0.1,0.0,-0.0,0.0,-0.25,0.804,0.482,0.55,8,0.5,1000,50,1X+2X
445,4.142,0.45,1.731,0.45,0.634,-0.125,1.0,0.571,0.1,0.0,-0.0,0.0,-0.25,0.804,0.482,0.55,8,0.5,1000,50,1X+2X
446,4.179,0.45,1.761,0.45,0.634,-0.125,1.0,0.571,0.1,0.0,-0.0,0.0,-0.25,0.804,0.482,0.55,8,0.5,1000,50,1X+2X
447,4.074,0.45,1.736,0.45,0.634,-0.125,1.0,0.571,0.1,0.0,-0.0,0.0,-0.25,0.804,0.482,0.55,8,0.5,1000,50,1X+2X
448,4.132,0.45,1.681,0.45,0.634,-0.125,1.0,0.571,0.1,0.0,-0.0,0.0,-0.25,0.804,0.482,0.55,8,0.5,1000,50,1X+2X
449,4.149,0.45,1.71,0.45,0.634,-0.125,1.0,0.571,0.1,0.0,-0.0,0.0,-0.25,0.804,0.482,0.55,8,0.5,1000,50,1X+2X
450,4.217,0.45,1.751,0.45,0.634,-0.125,1.0,0.571,0.1,0.0,-0.0,0.0,-0.25,0.804,0.482,0.55,8,0.5,1000,50,1X+2X
451,4.233,0.45,1.746,0.45,0.634,-0.125,1.0,0.571,0.1,0.0,-0.0,0.0,-0.25,0.804,0.482,0.55,8,0.5,1000,50,1X+2X
452,4.126,0.45,1.702,0.45,0.634,-0.125,1.0,0.571,0.1,0.0,-0.0,0.0,-0.25,0.804,0.482,0.55,8,0.5,1000,50,1X+2X
453,4.106,0.45,1.708,0.45,0.634,-0.125,1.0,0.571,0.1,0.0,-0.0,0.0,-0.25,0.804,0.482,0.55,8,0.5,1000,50,1X+2X
454,4.131,0.45,1.728,0.45,0.634,-0.125,1.0,0.571,0.1,0.0,-0.0,0.0,-0.25,0.804,0.482,0.55,8,0.5,1000,50,1X+2X
455,4.136,0.45,1.709,0.45,0.634,-0.125,1.0,0.571,0.1,0.0,-0.0,0.0,-0.25,0.804,0.482,0.55,8,0.5,1000,50,1X+2X
456,4.171,0.45,1.736,0.45,0.634,-0.125,1.0,0.571,0.1,0.0,-0.0,0.0,-0.25,0.804,0.482,0.55,8,0.5,1000,50,1X+2X
457,4.145,0.45,1.755,0.45,0.634,-0.125,1.0,0.571,0.1,0.0,-0.0,0.0,-0.25,0.804,0.482,0.55,8,0.5,1000,50,1X+2X
458,4.118,0.45,1.722,0.45,0.634,-0.125,1.0,0.571,0.1,0.0,-0.0,0.0,-0.25,0.804,0.482,0.55,8,0.5,1000,50,1X+2X
459,4.167,0.45,1.729,0.45,0.634,-0.125,1.0,0.571,0.1,0.0,-0.0,0.0,-0.25,0.804,0.482,0.55,8,0.5,1000,50,1X+2X
460,4.191,0.45,1.731,0.45,0.634,-0.125,1.0,0.571,0.1,0.0,-0.0,0.0,-0.25,0.804,0.482,0.55,8,0.5,1000,50,1X+2X
461,4.143,0.45,1.732,0.45,0.634,-0.125,1.0,0.571,0.1,0.0,-0.0,0.0,-0.25,0.804,0.482,0.55,8,0.5,1000,50,1X+2X
462,4.154,0.45,1.751,0.45,0.634,-0.125,1.0,0.571,0.1,0.0,-0.0,0.0,-0.25,0.804,0.482,0.55,8,0.5,1000,50,1X+2X
463,4.164,0.45,1.759,0.45,0.634,-0.125,1.0,0.571,0.1,0.0,-0.0,0.0,-0.25,0.804,0.482,0.55,8,0.5,1000,50,1X+2X
464,4.146,0.45,1.729,0.45,0.634,-0.125,1.0,0.571,0.1,0.0,-0.0,0.0,-0.25,0.804,0.482,0.55,8,0.5,1000,50,1X+2X
465,4.121,0.45,1.742,0.45,0.634,-0.125,1.0,0.571,0.1,0.0,-0.0,0.0,-0.25,0.804,0.482,0.55,8,0.5,1000,50,1X+2X
466,4.163,0.45,1.75,0.45,0.634,-0.125,1.0,0.571,0.1,0.0,-0.0,0.0,-0.25,0.804,0.482,0.55,8,0.5,1000,50,1X+2X
467,4.129,0.45,1.742,0.45,0.634,-0.125,1.0,0.571,0.1,0.0,-0.0,0.0,-0.25,0.804,0.482,0.55,8,0.5,1000,50,1X+2X
468,4.193,0.45,1.753,0.45,0.634,-0.125,1.0,0.571,0.1,0.0,-0.0,0.0,-0.25,0.804,0.482,0.55,8,0.5,1000,50,1X+2X
469,4.151,0.45,1.727,0.45,0.634,-0.125,1.0,0.571,0.1,0.0,-0.0,0.0,-0.25,0.804,0.482,0.55,8,0.5,1000,50,1X+2X
470,4.149,0.45,1.722,0.45,0.634,-0.125,1.0,0.571,0.1,0.0,-0.0,0.0,-0.25,0.804,0.482,0.55,8,0.5,1000,50,1X+2X
471,4.155,0.45,1.718,0.45,0.634,-0.125,1.0,0.571,0.1,0.0,-0.0,0.0,-0.25,0.804,0.482,0.55,8,0.5,1000,50,1X+2X
472,4.208,0.45,1.737,0.45,0.634,-0.125,1.0,0.571,0.1,0.0,-0.0,0.0,-0.25,0.804,0.482,0.55,8,0.5,1000,50,1X+2X
473,4.136,0.45,1.736,0.45,0.634,-0.125,1.0,0.571,0.1,0.0,-0.0,0.0,-0.25,0.804,0.482,0.55,8,0.5,1000,50,1X+2X
474,4.107,0.45,1.709,0.45,0.634,-0.125,1.0,0.571,0.1,0.0,-0.0,0.0,-0.25,0.804,0.482,0.55,8,0.5,1000,50,1X+2X
475,4.167,0.45,1.742,0.45,0.634,-0.125,1.0,0.571,0.1,0.0,-0.0,0.0,-0.25,0.804,0.482,0.55,8,0.5,1000,50,1X+2X
476,4.13,0.45,1.765,0.45,0.634,-0.125,1.0,0.571,0.1,0.0,-0.0,0.0,-0.25,0.804,0.482,0.55,8,0.5,1000,50,1X+2X
477,4.221,0.45,1.75,0.45,0.634,-0.125,1.0,0.571,0.1,0.0,-0.0,0.0,-0.25,0.804,0.482,0.55,8,0.5,1000,50,1X+2X
478,4.119,0.45,1.712,0.45,0.634,-0.125,1.0,0.571,0.1,0.0,-0.0,0.0,-0.25,0.804,0.482,0.55,8,0.5,1000,50,1X+2X
479,4.183,0.45,1.733,0.45,0.634,-0.125,1.0,0.571,0.1,0.0,-0.0,0.0,-0.25,0.804,0.482,0.55,8,0.5,1000,50,1X+2X
480,4.163,0.45,1.721,0.45,0.634,-0.125,1.0,0.571,0.1,0.0,-0.0,0.0,-0.25,0.804,0.482,0.55,8,0.5,1000,50,1X+2X
481,4.154,0.45,1.73,0.45,0.634,-0.125,1.0,0.571,0.1,0.0,-0.0,0.0,-0.25,0.804,0.482,0.55,8,0.5,1000,50,1X+2X
482,4.132,0.45,1.758,0.45,0.634,-0.125,1.0,0.571,0.1,0.0,-0.0,0.0,-0.25,0.804,0.482,0.55,8,0.5,1000,50,1X+2X
483,4.18,0.45,1.702,0.45,0.634,-0.125,1.0,0.571,0.1,0.0,-0.0,0.0,-0.25,0.804,0.482,0.55,8,0.5,1000,50,1X+2X
484,4.088,0.45,1.702,0.45,0.634,-0.125,1.0,0.571,0.1,0.0,-0.0,0.0,-0.25,0.804,0.482,0.55,8,0.5,1000,50,1X+2X
485,4.152,0.45,1.719,0.45,0.634,-0.125,1.0,0.571,0.1,0.0,-0.0,0.0,-0.25,0.804,0.482,0.55,8,0.5,1000,50,1X+2X
486,4.132,0.45,1.744,0.45,0.634,-0.125,1.0,0.571,0.1,0.0,-0.0,0.0,-0.25,0.804,0.482,0.55,8,0.5,1000,50,1X+2X
487,4.133,0.45,1.703,0.45,0.634,-0.125,1.0,0.571,0.1,0.0,-0.0,0.0,-0.25,0.804,0.482,0.55,8,0.5,1000,50,1X+2X
488,4.152,0.45,1.755,0.45,0.634,-0.125,1.0,0.571,0.1,0.0,-0.0,0.0,-0.25,0.804,0.482,0.55,8,0.5,1000,50,1X+2X
489,4.1,0.45,1.692,0.45,0.634,-0.125,1.0,0.571,0.1,0.0,-0.0,0.0,-0.25,0.804,0.482,0.55,8,0.5,1000,50,1X+2X
490,4.108,0.45,1.723,0.45,0.634,-0.125,1.0,0.571,0.1,0.0,-0.0,0.0,-0.25,0.804,0.482,0.55,8,0.5,1000,50,1X+2X
491,4.104,0.45,1.696,0.45,0.634,-0.125,1.0,0.571,0.1,0.0,-0.0,0.0,-0.25,0.804,0.482,0.55,8,0.5,1000,50,1X+2X
492,4.134,0.45,1.727,0.45,0.634,-0.125,1.0,0.571,0.1,0.0,-0.0,0.0,-0.25,0.804,0.482,0.55,8,0.5,1000,50,1X+2X
493,4.135,0.45,1.707,0.45,0.634,-0.125,1.0,0.571,0.1,0.0,-0.0,0.0,-0.25,0.804,0.482,0.55,8,0.5,1000,50,1X+2X
494,4.149,0.45,1.672,0.45,0.634,-0.125,1.0,0.571,0.1,0.0,-0.0,0.0,-0.25,0.804,0.482,0.55,8,0.5,1000,50,1X+2X
495,4.138,0.45,1.747,0.45,0.634,-0.125,1.0,0.571,0.1,0.0,-0.0,0.0,-0.25,0.804,0.482,0.55,8,0.5,1000,50,1X+2X
496,4.189,0.45,1.724,0.45,0.634,-0.125,1.0,0.571,0.1,0.0,-0.0,0.0,-0.25,0.804,0.482,0.55,8,0.5,1000,50,1X+2X
497,4.114,0.45,1.723,0.45,0.634,-0.125,1.0,0.571,0.1,0.0,-0.0,0.0,-0.25,0.804,0.482,0.55,8,0.5,1000,50,1X+2X
498,4.138,0.45,1.747,0.45,0.634,-0.125,1.0,0.571,0.1,0.0,-0.0,0.0,-0.25,0.804,0.482,0.55,8,0.5,1000,50,1X+2X
499,4.157,0.45,1.74,0.45,0.634,-0.125,1.0,0.571,0.1,0.0,-0.0,0.0,-0.25,0.804,0.482,0.55,8,0.5,1000,50,1X+2X
